Daten,Currency,Title,Actual,Previous,Mean3,Mean6,Imp,CaseO,Forcast,Consensus,Country,Case,Lag1,Periode
2026-09-01,AUD,Ai Group Industry Index AUG,-3.5,-26.2,-3.5,-3.5,2.0,BCf,-32.0,,AU,,,M
2026-08-31,AUD,Cotality Dwelling Prices MoM AUG,-0.9,-1.2,-0.9,-0.9,1.0,hs,-1.2,,AU,,,M
2026-09-03,AUD,RBA Brischetto Speech,0.0,0.0,0.0,0.0,1.0,rate,0.0,,AU,BA,BANK,M
2026-08-26,AUD,RBA Bulletin,0.0,0.0,0.0,0.0,2.0,rate,0.0,,AU,BA,BANK,M
2026-09-08,AUD,RBA Hauser Speech,0.0,0.0,0.0,0.0,2.0,rate,0.0,,AU,BA,BANK,M
2026-09-03,AUD,RBA Hunter Speech,0.0,0.0,0.0,0.0,2.0,rate,0.0,,AU,BA,BANK,M
2026-08-25,AUD,RBA Jacobs Speech,0.0,0.0,0.0,0.0,2.0,rate,0.0,,AU,BA,BANK,M
2026-09-02,AUD,RBA Jones Speech,0.0,0.0,0.0,0.0,2.0,rate,0.0,,AU,BA,BANK,M
2026-08-26,AUD,RBA Payments System Board Meeting,0.0,0.0,0.0,0.0,1.0,rate,0.0,,AU,BA,BANK,M
2026-08-24,AUD,RBA Meeting Minutes,0.0,0.0,0.0,0.0,3.0,rate,0.0,,AU,BA,IMPBANK,M
2026-08-31,AUD,Current Account Q2,0.0,0.0,0.0,0.0,1.0,FTR,0.0,,AU,BU,1CA,M
2026-09-02,AUD,Balance of Trade JUL,0.0,0.0,0.0,0.0,3.0,FTR,0.0,,AU,BU,1TB,M
2026-09-02,AUD,Exports MoM JUL,-3.3,9.1,-3.3,-3.3,1.0,FTR,0.0,,AU,BU,1TB,M
2026-09-01,AUD,Ai Group Manufacturing Index AUG,-16.6,-19.3,-16.6,-16.6,1.0,BCf,-21.0,,AU,BU,2CONDITIONM,M
2026-09-07,AUD,NAB Business Confidence AUG,-8.0,-6.0,-8.0,-8.0,3.0,BCf,-8.0,,AU,BU,2CONFIDENCE,M
2026-08-30,AUD,Private Sector Credit MoM JUL,0.6,0.8,0.6,0.6,1.0,CSE,0.7,0.7,AU,BU,INDUSTRY,M
2026-08-30,AUD,Private Sector Credit YoY JUL,8.4,8.5,8.4,8.4,1.0,,8.5,,AU,BU,INDUSTRY,Y
2026-09-15,AUD,Westpac Leading Index MoM AUG,0.0,0.0,0.0,0.0,,,0.2,,AU,BU,LEAD,M
2026-08-25,AUD,Westpac Leading Index MoM JUL,0.0,0.1,0.0,0.0,1.0,BCf,0.1,,AU,BU,LEAD,M
2026-09-02,AUD,S&P Global Composite PMI Final AUG,52.7,53.2,52.7,52.7,1.0,BCf,52.5,52.5,AU,BU,PMI,M
2026-08-31,AUD,S&P Global Manufacturing PMI Final AUG,52.0,52.0,52.0,52.0,1.0,BCf,52.0,52.0,AU,BU,PMI,M
2026-09-02,AUD,S&P Global Services PMI Final AUG,53.2,53.6,53.2,53.2,1.0,BCf,52.9,52.9,AU,BU,PMIS,M
2026-09-07,AUD,Westpac Consumer Confidence Change SEP,-5.2,6.0,-5.2,-5.2,3.0,CSE,-3.6,,AU,CON,CONSUMER,M
2026-09-07,AUD,Westpac Consumer Confidence Index SEP,84.4,88.9,84.4,84.4,2.0,CSE,85.7,,AU,CON,CONSUMER,M
2026-08-26,AUD,Building Capital Expenditure QoQ Q2,2.1,-3.3,2.1,2.1,1.0,BCf,-1.8,,AU,CON,EXPENSE,Q
2026-09-01,AUD,GDP Capital Expenditure QoQ Q2,-0.3,3.1,-0.3,-0.3,1.0,GW,0.0,,AU,CON,EXPENSE,Q
2026-08-26,AUD,Household Spending MoM JUL,1.1,1.0,1.1,1.1,1.0,CSE,0.3,0.4,AU,CON,EXPENSE,M
2026-08-26,AUD,Household Spending YoY JUL,7.0,6.1,7.0,7.0,1.0,CSE,4.4,,AU,CON,EXPENSE,Y
2026-08-26,AUD,Plant Machinery Capital Expenditure QoQ Q2,-8.9,18.4,-8.9,-8.9,1.0,BCf,-7.8,,AU,CON,EXPENSE,Q
2026-08-26,AUD,Private Capital Expenditure QoQ Q2,-3.6,6.9,-3.6,-3.6,1.0,BCf,-1.4,0.0,AU,CON,EXPENSE,Q
2026-09-06,AUD,ANZ-Indeed Job Ads MoM AUG,2.5,1.9,2.5,2.5,1.0,lb,0.5,,AU,EM,EM,M
2026-09-01,AUD,GDP Chain Price Index QoQ Q2,-0.6,0.9,-0.6,-0.6,1.0,IF,0.0,,AU,GR,GDP,Q
2026-09-01,AUD,GDP Final Consumption QoQ Q2,0.5,0.1,0.5,0.5,1.0,CSE,0.0,,AU,GR,GDP,Q
2026-09-01,AUD,GDP Growth Rate QoQ Q2,0.4,0.3,0.4,0.4,3.0,GW,0.2,0.3,AU,GR,GDP,Q
2026-09-01,AUD,GDP Growth Rate YoY Q2,2.1,2.5,2.1,2.1,,,1.6,1.8,AU,GR,GDP,Y
2026-08-31,AUD,Net Exports Contribution to GDP Q2,0.1,-0.8,0.1,0.1,1.0,GW,-0.4,,AU,GR,GDP,M
2026-08-30,AUD,Business Inventories QoQ Q2,-0.2,0.7,-0.2,-0.2,1.0,BCf,0.7,,AU,GR,ORDER,Q
2026-08-30,AUD,Company Gross Profits QoQ Q2,1.8,-1.5,1.8,1.8,2.0,BCf,2.5,2.0,AU,GR,PROFIT,Q
2026-09-07,AUD,Building Permits MoM Final JUL,-3.6,6.9,-3.6,-3.6,1.0,hs,-3.6,-3.6,AU,HE,BP|HS,M
2026-08-31,AUD,Building Permits MoM Prel JUL,-3.6,6.9,-3.6,-3.6,2.0,hs,-3.6,-4.8,AU,HE,BP|HS,M
2026-09-07,AUD,Building Permits YoY Final JUL,9.0,9.5,9.0,9.0,1.0,hs,9.0,9.0,AU,HE,BP|HS,Y
2026-08-31,AUD,Building Permits YoY Prel JUL,9.0,9.5,9.0,9.0,1.0,hs,10.0,,AU,HE,BP|HS,Y
2026-09-01,AUD,Ai Group Construction Index AUG,-6.9,-43.8,-6.9,-6.9,1.0,BCf,-42.0,,AU,HE,HOUSE,M
2026-08-25,AUD,Construction Work Done QoQ Q2,-2.1,4.3,-2.1,-2.1,2.0,hs,1.0,0.5,AU,HE,HOUSE,Q
2026-08-30,AUD,Housing Credit MoM JUL,0.5,0.6,0.5,0.5,1.0,CSE,0.5,,AU,HE,HOUSE,M
2026-09-07,AUD,Private House Approvals MoM Final JUL,-4.2,0.8,-4.2,-4.2,1.0,hs,-4.2,-4.2,AU,HE,HOUSE,M
2026-08-31,AUD,Private House Approvals MoM Prel JUL,-4.2,0.8,-4.2,-4.2,1.0,hs,1.0,,AU,HE,HOUSE,M
2026-08-25,AUD,RBA Trimmed Mean CPI MoM JUL,0.5,0.3,0.5,0.5,2.0,IF,0.3,0.3,AU,IN,CIPC,M
2026-08-25,AUD,RBA Trimmed Mean CPI YoY JUL,3.6,3.6,3.6,3.6,2.0,IF,3.5,3.5,AU,IN,CIPC,Y
2026-08-25,AUD,CPI JUL,103.07,102.03,103.07,103.07,1.0,IF,102.7,,AU,IN,CPI,M
2026-08-25,AUD,RBA Weighted Median CPI MoM JUL,0.4,0.3,0.4,0.4,1.0,IF,0.3,,AU,IN,CPI,M
2026-08-25,AUD,RBA Weighted Median CPI YoY JUL,3.6,3.6,3.6,3.6,1.0,IF,3.6,,AU,IN,CPI,Y
2026-09-01,AUD,Commodity Prices YoY AUG,15.5,17.2,15.5,15.5,1.0,IF,14.4,,AU,IN,INFLATION,Y
2026-09-09,AUD,Consumer Inflation Expectations SEP,4.9,4.9,4.9,4.9,1.0,IF,5.1,,AU,IN,INFLATION,M
2026-08-25,AUD,Inflation Rate MoM JUL,1.0,-0.1,1.0,1.0,2.0,IF,0.7,0.8,AU,IN,INFLATION,M
2026-08-25,AUD,Inflation Rate YoY JUL,3.5,3.8,3.5,3.5,2.0,IF,3.2,3.3,AU,IN,INFLATION,Y
2026-08-30,AUD,TD-MI Inflation Gauge MoM AUG,0.5,1.0,0.5,0.5,1.0,IF,0.4,,AU,IN,INFLATION,M
2026-09-02,AUD,Imports MoM JUL,-2.5,-0.7,-2.5,-2.5,1.0,FTR,0.0,,AU,IN,LEAD,M
2026-09-17,CAD,Raw Materials Prices MoM AUG,3.1,-2.1,3.1,3.1,,,-0.7,0.7,CA,,,M
2026-09-17,CAD,Raw Materials Prices YoY AUG,22.8,18.2,22.8,22.8,,,18.2,,CA,,,Y
2026-09-16,CAD,BoC Summary of Deliberations,0.0,0.0,0.0,0.0,,,0.0,,CA,BA,BANK,M
2026-09-17,CAD,Foreign Securities Purchases JUL,0.0,0.0,0.0,0.0,,,0.0,,CA,BA,BANK,M
2026-09-17,CAD,Foreign Securities Purchases by Canadians JUL,0.0,0.0,0.0,0.0,,,0.0,,CA,BA,BANK,M
2026-09-03,CAD,2-Year Bond Auction,3.16,3.02,3.16,3.16,1.0,BND,0.0,,CA,BA,BOND,M
2026-08-26,CAD,10-Year Bond Auction,3.71,3.65,3.71,3.71,1.0,BND,0.0,,CA,BA,BOND10,M
2026-09-17,CAD,30-Year Bond Auction,4.2,3.97,4.2,4.2,,,0.0,,CA,BA,BOND30,M
2026-09-09,CAD,5-Year Bond Auction,3.52,3.34,3.52,3.52,1.0,BND,0.0,,CA,BA,BOND5,M
2026-08-28,CAD,Budget Balance JUN,0.0,0.0,0.0,0.0,1.0,GOV,0.0,,CA,BA,BUDG,M
2026-09-02,CAD,BoC Press Conference,0.0,0.0,0.0,0.0,2.0,rate,0.0,,CA,BA,IMPBANK,M
2026-09-04,CAD,Participation Rate AUG,65.0,65.1,65.0,65.0,2.0,lb,65.2,,CA,BA,PARTICIPATION,M
2026-09-02,CAD,BoC Interest Rate Decision,2.25,2.25,2.25,2.25,3.0,rate,2.25,2.25,CA,BA,RATE,M
2026-08-27,CAD,Current Account Q2,0.0,0.0,0.0,0.0,2.0,FTR,0.0,,CA,BU,1CA,M
2026-09-03,CAD,Balance of Trade JUL,0.0,0.0,0.0,0.0,2.0,FTR,0.0,,CA,BU,1TB,M
2026-09-03,CAD,Exports JUL,0.0,0.0,0.0,0.0,1.0,FTR,0.0,,CA,BU,1TB,M
2026-09-14,CAD,Manufacturing Sales MoM Final JUL,-0.4,0.1,-0.4,-0.4,1.0,BCf,-0.2,-0.2,CA,BU,2CONDITIONM,M
2026-08-24,CAD,Manufacturing Sales MoM Prel JUL,-0.2,0.1,-0.2,-0.2,1.0,BCf,0.9,,CA,BU,2CONDITIONM,M
2026-09-14,CAD,Capacity Utilization JUL,80.7,82.2,80.7,80.7,1.0,BCf,82.4,,CA,BU,CU,M
2026-09-04,CAD,Ivey PMI s.a AUG,64.3,55.1,64.3,64.3,3.0,BCf,55.7,56.2,CA,BU,PMI,M
2026-09-03,CAD,S&P Global Composite PMI AUG,47.8,49.7,47.8,47.8,1.0,BCf,48.9,,CA,BU,PMI,M
2026-09-01,CAD,S&P Global Manufacturing PMI AUG,53.0,53.5,53.0,53.0,2.0,BCf,52.7,,CA,BU,PMI,M
2026-09-03,CAD,S&P Global Services PMI AUG,46.8,49.1,46.8,46.8,1.0,BCf,49.0,,CA,BU,PMIS,M
2026-09-04,CAD,Employment Change AUG,-41.7,75.1,-41.7,-41.7,2.0,lb,10.0,15.0,CA,EM,EC,M
2026-09-04,CAD,Full Time Employment Chg AUG,-35.9,38.6,-35.9,-35.9,2.0,lb,4.0,,CA,EM,EM,M
2026-09-04,CAD,Part Time Employment Chg AUG,-5.8,36.6,-5.8,-5.8,2.0,lb,6.0,,CA,EM,EM,M
2026-09-04,CAD,Unemployment Rate AUG,6.4,6.4,6.4,6.4,3.0,lb,6.4,6.4,CA,EM,UR,M
2026-08-28,CAD,GDP Growth Rate Annualized Q2,3.3,0.3,3.3,3.3,3.0,GW,3.4,3.4,CA,GR,GDP,Y
2026-08-28,CAD,GDP Growth Rate QoQ Q2,0.8,0.1,0.8,0.8,3.0,GW,0.8,,CA,GR,GDP,Q
2026-08-28,CAD,GDP Implicit Price QoQ Q2,2.5,1.2,2.5,2.5,1.0,IF,0.6,,CA,GR,GDP,Q
2026-08-28,CAD,GDP MoM JUN,0.3,0.3,0.3,0.3,2.0,GW,0.2,0.2,CA,GR,GDP,M
2026-08-28,CAD,GDP MoM Prel JUL,0.0,0.0,0.0,0.0,2.0,GW,0.1,,CA,GR,GDP,M
2026-09-15,CAD,New Motor Vehicle Sales JUL,176.2,190.2,176.2,176.2,1.0,BCf,190.1,,CA,GR,MSALE,M
2026-09-15,CAD,Wholesale Sales MoM Final JUL,0.3,2.8,0.3,0.3,1.0,BCf,-0.6,-0.5,CA,GR,WSALE,M
2026-08-25,CAD,Wholesale Sales MoM Prel JUL,-0.6,2.8,-0.6,-0.6,1.0,BCf,-1.3,,CA,GR,WSALE,M
2026-09-16,CAD,Building Permits MoM JUL,-17.3,18.3,-17.3,-17.3,,,-5.6,-6.4,CA,HE,BP|HS,M
2026-09-16,CAD,Housing Starts AUG,229.0,229.4,229.0,229.0,2.0,hs,232.0,240.0,CA,HE,BP|HS,M
2026-09-18,CAD,New Housing Price Index MoM AUG,-0.1,-0.1,-0.1,-0.1,2.0,hs,0.0,,CA,HE,HOUSE,M
2026-09-14,CAD,CPI Trimmed-Mean YoY AUG,1.9,1.9,1.9,1.9,1.0,IF,1.9,1.9,CA,IN,CIPC,Y
2026-09-14,CAD,CPI Common YoY AUG,2.6,2.7,2.6,2.6,1.0,IF,2.7,2.7,CA,IN,CPI,Y
2026-09-14,CAD,CPI Median YoY AUG,2.0,2.0,2.0,2.0,1.0,IF,2.0,2.0,CA,IN,CPI,Y
2026-09-04,CAD,Average Hourly Wages YoY AUG,2.0,3.0,2.0,2.0,1.0,lb,2.9,,CA,IN,INFLATION,Y
2026-09-14,CAD,Core Inflation Rate MoM AUG,0.1,0.2,0.1,0.1,1.0,IF,0.1,0.2,CA,IN,INFLATION,M
2026-09-14,CAD,Core Inflation Rate YoY AUG,2.4,2.3,2.4,2.4,2.0,IF,2.3,,CA,IN,INFLATION,Y
2026-09-14,CAD,Inflation Rate MoM AUG,-0.1,0.5,-0.1,-0.1,2.0,IF,0.1,0.0,CA,IN,INFLATION,M
2026-09-14,CAD,Inflation Rate YoY AUG,3.0,3.0,3.0,3.0,3.0,IF,3.0,3.0,CA,IN,INFLATION,Y
2026-09-03,CAD,Labor Productivity QoQ Q2,1.0,-0.4,1.0,1.0,1.0,lb,0.1,0.7,CA,IN,INFLATION,Q
2026-08-27,CAD,Average Weekly Earnings YoY JUN,3.4,3.3,3.4,3.4,1.0,lb,3.3,,CA,IN,LEAD,Y
2026-09-03,CAD,Imports JUL,0.0,0.0,0.0,0.0,1.0,FTR,0.0,,CA,IN,LEAD,M
2026-09-17,CAD,PPI MoM AUG,1.3,0.3,1.3,1.3,,,0.3,0.0,CA,IN,PPI,M
2026-09-17,CAD,PPI YoY AUG,13.5,12.3,13.5,13.5,,,12.3,,CA,IN,PPI,Y
2026-09-07,CHF,Foreign Exchange Reserves AUG,0.0,0.0,0.0,0.0,,,0.0,,CH,BA,BANK,M
2026-08-26,CHF,SNB Martin Speech,0.0,0.0,0.0,0.0,,,0.0,,CH,BA,BANK,M
2026-09-09,CHF,2041 Bond Auction,0.6,0.62,0.6,0.6,,,0.0,,CH,BA,BOND,M
2026-09-09,CHF,2058 Bond Auction,0.56,0.4,0.56,0.56,,,0.0,,CH,BA,BOND5,M
2026-09-17,CHF,Balance of Trade AUG,0.0,0.0,0.0,0.0,,,0.0,,CH,BU,1TB,M
2026-08-26,CHF,Economic Sentiment Index AUG,12.1,10.0,12.1,12.1,,,8.0,,CH,BU,2CONDITIONM,M
2026-09-17,CHF,SECO Economic Forecasts,0.0,0.0,0.0,0.0,,,0.0,,CH,BU,2CONDITIONS,M
2026-08-28,CHF,KOF Leading Indicators AUG,106.7,104.2,106.7,106.7,,,104.0,103.3,CH,BU,LEAD,M
2026-09-01,CHF,procure.ch Manufacturing PMI AUG,57.1,53.2,57.1,57.1,,,52.8,53.5,CH,BU,PMI,M
2026-09-11,CHF,Consumer Confidence AUG,-33.0,-35.0,-33.0,-33.0,,,-34.0,-32.0,CH,CON,CONSUMER,M
2026-08-27,CHF,Non Farm Payrolls Q2,5.698,5.65,5.7,5.7,,,5.55,,CH,EM,EC,M
2026-09-07,CHF,Unemployment Rate AUG,3.0,3.0,3.0,3.0,,,3.0,,CH,EM,UR,M
2026-09-03,CHF,GDP Growth Rate QoQ Final Q2,1.5,0.5,1.5,1.5,,,1.5,1.6,CH,GR,GDP,Q
2026-09-03,CHF,GDP Growth Rate YoY Q2,2.3,0.4,2.3,2.3,,,1.7,,CH,GR,GDP,Y
2026-09-01,CHF,Retail Sales MoM JUL,0.1,0.3,0.1,0.1,,,0.3,,CH,GR,RSALE,M
2026-09-01,CHF,Retail Sales YoY JUL,2.3,1.9,2.3,2.3,,,2.0,1.3,CH,GR,RSALE,Y
2026-09-03,CHF,Inflation Rate MoM AUG,0.4,-0.1,0.4,0.4,,,0.1,0.0,CH,IN,INFLATION,M
2026-09-03,CHF,Inflation Rate YoY AUG,0.8,0.4,0.8,0.8,,,0.6,0.5,CH,IN,INFLATION,Y
2026-09-14,CHF,Producer & Import Prices MoM AUG,0.7,-0.1,0.7,0.7,,,0.2,0.1,CH,IN,LEAD,M
2026-09-14,CHF,Producer & Import Prices YoY AUG,-0.7,-2.1,-0.7,-0.7,,,-1.3,,CH,IN,LEAD,Y
2026-09-18,CNY,FDI (YTD) YoY AUG,-5.3,-6.2,-5.3,-5.3,2.0,FTR,-5.8,,CN,,,Y
2026-08-24,CNY,National People's Congress,0.0,0.0,0.0,0.0,2.0,,0.0,,CN,,,M
2026-09-14,CNY,Total Social Financing AUG,1660.0,1410.0,1660.0,1660.0,1.0,,2150.0,2040.0,CN,,,M
2026-09-07,CNY,Foreign Exchange Reserves AUG,3.438,3.419,3.44,3.44,1.0,,3.43,3.43,CN,BA,BANK,M
2026-09-14,CNY,M2 Money Supply YoY AUG,7.5,7.7,7.5,7.5,1.0,,7.7,7.6,CN,BA,BANK,Y
2026-09-19,CNY,Loan Prime Rate 1Y,3.0,3.0,3.0,3.0,2.0,rate,3.0,3.0,CN,BA,LOAN,M
2026-09-19,CNY,Loan Prime Rate 5Y SEP,3.5,3.5,3.5,3.5,2.0,,3.5,3.5,CN,BA,LOAN,M
2026-09-14,CNY,New Yuan Loans AUG,60.0,-340.0,60.0,60.0,2.0,,450.0,400.0,CN,BA,LOAN,M
2026-09-14,CNY,Outstanding Loan Growth YoY AUG,4.9,5.1,4.9,4.9,1.0,,5.0,5.1,CN,BA,LOAN,Y
2026-09-07,CNY,Balance of Trade AUG,119.1,112.5,119.1,119.1,3.0,FTR,120.0,119.1,CN,BU,1TB,M
2026-09-07,CNY,Balance of Trade Yuan AUG,809.3,767.07,809.3,809.3,1.0,FTR,0.0,795.0,CN,BU,1TB,M
2026-09-07,CNY,Exports YoY AUG,25.0,23.9,25.0,25.0,3.0,FTR,0.0,25.0,CN,BU,1TB,Y
2026-09-14,CNY,Fixed Asset Investment (YTD) YoY AUG,-7.2,-6.7,-7.2,-7.2,2.0,,-6.6,-7.2,CN,BU,BUS_INVEST,Y
2026-09-14,CNY,Industrial Production YoY AUG,5.2,4.5,5.2,5.2,3.0,BCf,5.0,4.8,CN,BU,INDUSTRY,Y
2026-08-30,CNY,NBS General PMI AUG,49.5,49.3,49.5,49.5,1.0,BCf,50.2,,CN,BU,PMI,M
2026-08-30,CNY,NBS Manufacturing PMI AUG,49.8,49.2,49.8,49.8,3.0,BCf,49.9,49.7,CN,BU,PMI,M
2026-08-30,CNY,NBS Non Manufacturing PMI AUG,49.0,49.0,49.0,49.0,2.0,BCf,50.4,49.5,CN,BU,PMI,M
2026-09-02,CNY,RatingDog Composite PMI AUG,52.1,50.8,52.1,52.1,1.0,BCf,51.0,,CN,BU,PMI,M
2026-08-31,CNY,RatingDog Manufacturing PMI AUG,51.5,50.9,51.5,51.5,3.0,BCf,51.2,51.0,CN,BU,PMI,M
2026-09-02,CNY,RatingDog Services PMI AUG,51.4,50.4,51.4,51.4,2.0,BCf,50.8,50.6,CN,BU,PMIS,M
2026-09-14,CNY,Unemployment Rate AUG,5.3,5.2,5.3,5.3,1.0,lb,5.2,5.2,CN,EM,UR,M
2026-09-10,CNY,Vehicle Sales YoY AUG,-5.1,-0.3,-5.1,-5.1,1.0,BCf,0.0,,CN,GR,MSALE,Y
2026-08-26,CNY,Industrial Profits (YTD) YoY JUL,17.6,18.7,17.6,17.6,1.0,BCf,16.0,,CN,GR,PROFIT,Y
2026-09-14,CNY,Retail Sales YoY AUG,0.4,0.6,0.4,0.4,3.0,CSE,1.0,0.8,CN,GR,RSALE,Y
2026-09-14,CNY,House Price Index YoY AUG,-3.0,-3.2,-3.0,-3.0,2.0,hs,-3.1,,CN,HE,HOUSE,Y
2026-09-08,CNY,Inflation Rate MoM AUG,0.4,-0.1,0.4,0.4,2.0,IF,0.2,0.3,CN,IN,INFLATION,M
2026-09-08,CNY,Inflation Rate YoY AUG,0.8,0.5,0.8,0.8,3.0,IF,0.7,0.8,CN,IN,INFLATION,Y
2026-09-07,CNY,Imports YoY AUG,28.2,27.5,28.2,28.2,3.0,FTR,0.0,30.0,CN,IN,LEAD,Y
2026-09-08,CNY,PPI YoY AUG,3.8,3.5,3.8,3.8,2.0,IF,3.6,3.7,CN,IN,PPI,Y
2026-09-03,EUR,New Car Registrations YoY AUG,2.6,1.2,4.4,4.4,1.0,BCf,3.6,,DE,,,Y
2026-08-24,EUR,New Car Registrations YoY JUL,9.0,11.4,9.0,9.0,1.0,BCf,6.2,,FR,,,Y
2026-09-15,EUR,ZEW Current Conditions SEP,-47.1,-61.1,-47.1,-47.1,1.0,BCf,-54.0,-52.2,DE,,,M
2026-09-17,EUR,ECOFIN Meeting,0.0,0.0,0.0,0.0,,,0.0,,EU,BA,BANK,M
2026-09-07,EUR,Foreign Exchange Reserves AUG,380.694,357.05,380.69,380.69,1.0,,357.4,,FR,BA,BANK,M
2026-09-21,EUR,11-Month Bubill Auction,2.98,2.65,2.82,2.82,1.0,BND,0.0,,DE,BA,BOND,M
2026-09-09,EUR,12-Month BOT Auction,2.97,2.77,2.97,2.97,1.0,BND,0.0,,IT,BA,BOND,M
2026-09-21,EUR,12-Month BTF Auction,3.16,3.21,3.1,3.0,1.0,BND,0.0,,FR,BA,BOND,M
2026-09-16,EUR,12-Month Bill Auction,3.13,2.92,3.02,3.02,1.0,BND,0.0,,EU,BA,BOND,M
2026-09-14,EUR,12-Month Bubill Auction,3.07,2.66,3.07,3.07,1.0,BND,0.0,,DE,BA,BOND,M
2026-08-26,EUR,2-Year BTP Short Term Auction,3.02,2.92,3.02,3.02,1.0,BND,0.0,,IT,BA,BOND,M
2026-09-15,EUR,2-Year Schatz Auction,3.27,2.85,3.06,3.06,1.0,BND,0.0,,DE,BA,BOND,M
2026-09-16,EUR,20-Year Bund Auction,3.88,3.6,3.88,3.88,,,0.0,,DE,BA,BOND,M
2026-09-17,EUR,2029 OAT Auction,3.59,3.17,3.59,3.59,,,0.0,,FR,BA,BOND,M
2026-08-31,EUR,2031 EU-Bonds Auction,3.25,2.98,3.25,3.25,1.0,BND,0.0,,EU,BA,BOND,M
2026-09-17,EUR,2031 OAT Auction,3.78,3.37,3.78,3.78,,,0.0,,FR,BA,BOND,M
2026-09-17,EUR,2032 OAT Auction,3.92,3.52,3.92,3.92,,,0.0,,FR,BA,BOND,M
2026-08-31,EUR,2036 EU-Bonds Auction,3.69,3.39,3.69,3.69,1.0,BND,0.0,,EU,BA,BOND,M
2026-09-03,EUR,2036 OAT Auction,4.23,3.9,4.23,4.23,1.0,BND,0.0,,FR,BA,BOND,M
2026-09-17,EUR,2037 OAT€i Auction,2.29,0.0,2.29,2.29,,,0.0,,FR,BA,BOND,M
2026-08-31,EUR,2040 EU-Bonds Auction,4.01,3.64,4.01,4.01,1.0,BND,0.0,,EU,BA,BOND,M
2026-09-03,EUR,2040 OAT Auction,4.51,3.95,4.51,4.51,1.0,BND,0.0,,FR,BA,BOND,M
2026-09-03,EUR,2046 OAT Auction,4.74,4.27,4.74,4.74,1.0,BND,0.0,,FR,BA,BOND,M
2026-08-26,EUR,22-Year Bund Auction,3.68,3.55,3.68,3.68,1.0,BND,0.0,,DE,BA,BOND,M
2026-09-21,EUR,3-Month BTF Auction,2.64,2.65,2.61,2.57,1.0,BND,0.0,,FR,BA,BOND,M
2026-09-16,EUR,3-Month Bill Auction,2.53,2.5,2.51,2.51,1.0,BND,0.0,,EU,BA,BOND,M
2026-09-07,EUR,3-Month Bubill Auction,2.48,2.39,2.48,2.48,1.0,BND,0.0,,DE,BA,BOND,M
2026-09-10,EUR,3-Year BTP Auction,3.43,2.98,3.43,3.43,1.0,BND,0.0,,IT,BA,BOND,M
2026-08-27,EUR,6-Month BOT Auction,2.47,2.57,2.47,2.47,1.0,BND,0.0,,IT,BA,BOND,M
2026-09-21,EUR,6-Month BTF Auction,2.9,2.87,2.83,2.77,1.0,BND,0.0,,FR,BA,BOND,M
2026-09-16,EUR,6-Month Bill Auction,2.81,2.68,2.74,2.74,1.0,BND,0.0,,EU,BA,BOND,M
2026-09-14,EUR,6-Month Bubill Auction,2.77,2.5,2.77,2.77,1.0,BND,0.0,,DE,BA,BOND,M
2026-09-10,EUR,7-Year BTP Auction,3.98,2.89,3.98,3.98,1.0,BND,0.0,,IT,BA,BOND,M
2026-09-07,EUR,9-Month Bubill Auction,2.72,2.56,2.72,2.72,1.0,BND,0.0,,DE,BA,BOND,M
2026-08-28,EUR,10-Year BTP Auction,4.1,4.0,4.1,4.1,1.0,BND,0.0,,IT,BA,BOND10,M
2026-09-09,EUR,10-Year Bund Auction,3.39,3.26,3.39,3.39,1.0,BND,0.0,,DE,BA,BOND10,M
2026-09-08,EUR,10-Year Bund/g Auction,3.19,3.01,3.19,3.19,1.0,BND,0.0,,DE,BA,BOND10,M
2026-09-16,EUR,30-Year Bund Auction,3.9,3.65,3.9,3.9,,,0.0,,DE,BA,BOND30,M
2026-08-26,EUR,15-Year Bund Auction,3.5,3.29,3.5,3.5,1.0,BND,0.0,,DE,BA,BOND5,M
2026-09-08,EUR,15-Year Bund/g Auction,3.64,3.31,3.64,3.64,1.0,BND,0.0,,DE,BA,BOND5,M
2026-09-21,EUR,5-Month Bubill Auction,2.7,2.49,2.6,2.6,1.0,BND,0.0,,DE,BA,BOND5,M
2026-08-28,EUR,5-Year BTP Auction,3.44,3.39,3.44,3.44,1.0,BND,0.0,,IT,BA,BOND5,M
2026-09-01,EUR,5-Year Bobl Auction,3.09,2.93,3.09,3.09,1.0,BND,0.0,,DE,BA,BOND5,M
2026-09-10,EUR,50-Year BTP Auction,4.61,3.96,4.61,4.61,1.0,BND,0.0,,IT,BA,BOND5,M
2026-09-02,EUR,Budget Balance JUL,-145.9,-106.8,-145.9,-145.9,1.0,GOV,-147.0,,FR,BA,BUDG,M
2026-09-18,EUR,Current Account JUL,7384.0,5821.0,2466.83,2466.83,,,5400.0,,IT,BU,1CA,M
2026-09-15,EUR,Balance of Trade JUL,8.24,4.343,7.61,7.61,2.0,FTR,4.0,4.77,IT,BU,1TB,M
2026-09-08,EUR,Exports JUL,54.7,54.5,54.7,54.7,1.0,FTR,54.4,,FR,BU,1TB,M
2026-09-08,EUR,Exports MoM JUL,-0.8,0.9,-0.8,-0.8,2.0,FTR,0.0,0.0,DE,BU,1TB,M
2026-08-25,EUR,Ifo Business Climate AUG,88.8,86.7,88.8,88.8,3.0,BCf,87.0,87.2,DE,BU,2CONDITIONM,M
2026-09-15,EUR,ZEW Economic Sentiment Index SEP,34.7,34.2,34.7,34.7,3.0,BCf,34.0,37.0,DE,BU,2CONDITIONM,M
2026-08-28,EUR,Business Confidence AUG,89.9,89.7,89.9,89.9,2.0,BCf,89.9,90.0,IT,BU,2CONFIDENCE,M
2026-09-10,EUR,Industrial Production MoM JUL,0.7,-1.1,-0.27,-0.27,2.0,BCf,0.6,0.3,IT,BU,INDUSTRY,M
2026-09-10,EUR,Industrial Production YoY JUL,0.0,-0.6,0.0,0.0,1.0,BCf,-0.3,-0.6,IT,BU,INDUSTRY,Y
2026-08-25,EUR,Ifo Current Conditions AUG,88.5,86.5,88.5,88.5,1.0,BCf,86.9,87.0,DE,BU,LEAD,M
2026-08-25,EUR,Ifo Expectations AUG,89.1,86.8,89.1,89.1,1.0,BCf,87.1,87.5,DE,BU,LEAD,M
2026-09-03,EUR,S&P Global Composite PMI AUG,53.6,52.5,53.6,53.6,1.0,BCf,52.4,,IT,BU,PMI,M
2026-09-03,EUR,S&P Global Composite PMI Final AUG,48.5,49.4,50.15,50.15,1.0,BCf,48.8,48.8,FR,BU,PMI,M
2026-09-04,EUR,S&P Global Construction PMI AUG,37.3,41.5,42.57,42.57,1.0,hs,42.0,,FR,BU,PMI,M
2026-09-01,EUR,S&P Global Manufacturing PMI AUG,49.6,51.3,49.6,49.6,2.0,BCf,51.5,51.5,IT,BU,PMI,M
2026-09-01,EUR,S&P Global Manufacturing PMI Final AUG,51.1,49.8,52.7,52.7,1.0,BCf,51.5,51.5,FR,BU,PMI,M
2026-09-03,EUR,S&P Global Services PMI AUG,55.2,52.5,55.2,55.2,2.0,BCf,52.3,53.6,IT,BU,PMIS,M
2026-09-03,EUR,S&P Global Services PMI Final AUG,48.0,49.6,48.85,48.85,1.0,BCf,48.4,48.4,FR,BU,PMIS,M
2026-08-28,EUR,Consumer Confidence AUG,94.5,94.2,90.25,90.25,2.0,CSE,94.5,95.0,IT,CON,CONSUMER,M
2026-08-27,EUR,GfK Consumer Confidence SEP,-26.6,-29.4,-26.6,-26.6,3.0,CSE,-29.5,-29.6,DE,CON,CONSUMER,M
2026-08-28,EUR,Unemployment Change AUG,4.0,6.0,4.0,4.0,2.0,lb,7.0,5.0,DE,EM,EC,M
2026-08-27,EUR,Jobseekers Total JUL,3143.0,3121.5,3143.0,3143.0,1.0,lb,3131.5,,FR,EM,EM,M
2026-08-28,EUR,Unemployed Persons AUG,2.996,2.993,3.0,3.0,2.0,lb,3.0,,DE,EM,EM,M
2026-08-27,EUR,Unemployment Benefit Claims JUL,21.5,5.9,21.5,21.5,2.0,lb,10.0,,FR,EM,EM,M
2026-08-28,EUR,Unemployment Rate AUG,6.4,6.4,6.4,6.4,2.0,lb,6.3,6.4,DE,EM,UR,M
2026-09-01,EUR,Unemployment Rate JUL,5.8,5.8,5.8,5.8,2.0,lb,5.7,5.8,IT,EM,UR,M
2026-09-01,EUR,GDP Growth Rate QoQ Final Q2,0.2,0.3,0.17,0.17,1.0,GW,0.2,0.2,IT,GR,GDP,Q
2026-09-01,EUR,GDP Growth Rate YoY Final Q2,1.0,0.8,0.9,0.9,1.0,GW,1.0,1.0,IT,GR,GDP,Y
2026-08-28,EUR,Industrial Sales MoM JUN,-1.0,0.5,-1.0,-1.0,1.0,BCf,-0.3,,IT,GR,MSALE,M
2026-08-28,EUR,Industrial Sales YoY JUN,3.1,5.2,3.1,3.1,1.0,BCf,4.5,,IT,GR,MSALE,Y
2026-09-04,EUR,Factory Orders MoM JUL,2.5,3.7,2.5,2.5,2.0,BCf,-0.6,0.3,DE,GR,ORDER,M
2026-09-04,EUR,Retail Sales MoM JUL,-0.4,-0.2,-1.9,-1.9,2.0,CSE,0.2,0.2,IT,GR,RSALE,M
2026-09-04,EUR,Retail Sales YoY JUL,0.8,3.1,-0.85,-0.85,1.0,CSE,3.0,,IT,GR,RSALE,Y
2026-09-15,EUR,Wholesale Prices MoM AUG,0.9,0.2,0.9,0.9,2.0,IF,0.3,0.1,DE,GR,WSALE,M
2026-09-15,EUR,Wholesale Prices YoY AUG,6.8,5.3,6.8,6.8,2.0,IF,6.2,,DE,GR,WSALE,Y
2026-09-18,EUR,Construction Output YoY JUL,-1.2,0.6,-1.2,-1.2,,,-2.0,,IT,HE,HOUSE,Y
2026-09-18,EUR,Construction Output YoY JUN,0.6,3.0,0.6,0.6,,,2.9,,IT,HE,HOUSE,Y
2026-08-28,EUR,Household Consumption MoM JUL,0.5,0.6,0.5,0.5,1.0,CSE,0.1,0.0,FR,HE,HOUSE,M
2026-08-31,EUR,Baden Wuerttemberg CPI MoM AUG,0.1,0.8,0.1,0.1,1.0,IF,0.0,,DE,IN,CPI,M
2026-08-31,EUR,Baden Wuerttemberg CPI YoY AUG,2.6,2.5,2.6,2.6,1.0,IF,0.0,,DE,IN,CPI,Y
2026-08-31,EUR,Bavaria CPI MoM AUG,0.2,0.6,0.2,0.2,1.0,IF,0.0,,DE,IN,CPI,M
2026-08-31,EUR,Bavaria CPI YoY AUG,2.9,2.8,2.9,2.9,1.0,IF,0.0,,DE,IN,CPI,Y
2026-08-31,EUR,Brandenburg CPI MoM AUG,0.3,0.7,0.3,0.3,1.0,IF,0.0,,DE,IN,CPI,M
2026-08-31,EUR,Brandenburg CPI YoY AUG,3.1,2.7,3.1,3.1,1.0,IF,0.0,,DE,IN,CPI,Y
2026-08-31,EUR,Hesse CPI MoM AUG,0.3,0.7,0.3,0.3,1.0,IF,0.0,,DE,IN,CPI,M
2026-08-31,EUR,Hesse CPI YoY AUG,3.0,2.7,3.0,3.0,1.0,IF,0.0,,DE,IN,CPI,Y
2026-08-31,EUR,North Rhine Westphalia CPI MoM AUG,0.2,0.9,0.2,0.2,1.0,IF,0.0,,DE,IN,CPI,M
2026-08-31,EUR,North Rhine Westphalia CPI YoY AUG,2.9,2.7,2.9,2.9,1.0,IF,0.0,,DE,IN,CPI,Y
2026-08-31,EUR,Saxony CPI MoM AUG,0.1,0.7,0.1,0.1,1.0,IF,0.0,,DE,IN,CPI,M
2026-08-31,EUR,Saxony CPI YoY AUG,2.9,2.8,2.9,2.9,1.0,IF,0.0,,DE,IN,CPI,Y
2026-09-16,EUR,Harmonised Inflation Rate MoM Final AUG,0.1,-1.0,0.33,0.33,,,0.1,0.1,IT,IN,INFLATION,M
2026-09-01,EUR,Harmonised Inflation Rate MoM Prel AUG,0.1,-1.0,0.37,0.37,1.0,IF,0.0,,IT,IN,INFLATION,M
2026-09-16,EUR,Harmonised Inflation Rate YoY Final AUG,3.2,2.9,2.9,2.9,,,3.2,3.2,IT,IN,INFLATION,Y
2026-09-01,EUR,Harmonised Inflation Rate YoY Prel AUG,3.2,2.9,2.93,2.93,1.0,IF,3.1,3.2,IT,IN,INFLATION,Y
2026-09-11,EUR,IEA Oil Market Report,0.0,0.0,0.0,0.0,1.0,,0.0,,FR,IN,INFLATION,M
2026-09-16,EUR,Inflation Rate MoM Final AUG,0.5,0.3,0.47,0.47,,,0.5,0.5,IT,IN,INFLATION,M
2026-09-01,EUR,Inflation Rate MoM Prel AUG,0.5,0.3,0.47,0.47,2.0,IF,0.3,0.2,IT,IN,INFLATION,M
2026-09-16,EUR,Inflation Rate YoY Final AUG,3.3,2.9,2.87,2.87,,,3.3,3.3,IT,IN,INFLATION,Y
2026-09-01,EUR,Inflation Rate YoY Prel AUG,3.3,2.9,2.87,2.87,3.0,IF,3.1,,IT,IN,INFLATION,Y
2026-08-28,EUR,Import Prices MoM JUL,0.2,-0.7,0.2,0.2,1.0,IF,0.3,0.2,DE,IN,LEAD,M
2026-08-28,EUR,Import Prices YoY JUL,6.8,6.1,6.8,6.8,1.0,IF,7.2,,DE,IN,LEAD,Y
2026-09-08,EUR,Imports JUL,61.3,60.2,61.3,61.3,1.0,FTR,60.5,,FR,IN,LEAD,M
2026-09-08,EUR,Imports MoM JUL,-5.7,4.5,-5.7,-5.7,1.0,FTR,0.0,,DE,IN,LEAD,M
2026-09-18,EUR,PPI MoM AUG,1.1,1.1,1.1,1.1,,,0.5,0.4,DE,IN,PPI,M
2026-09-02,EUR,PPI MoM JUL,2.4,0.0,1.75,1.75,1.0,IF,0.6,,IT,IN,PPI,M
2026-09-18,EUR,PPI YoY AUG,4.6,3.0,4.6,4.6,2.0,IF,4.0,4.1,DE,IN,PPI,Y
2026-09-02,EUR,PPI YoY JUL,7.8,5.8,5.6,5.6,1.0,IF,5.9,,IT,IN,PPI,Y
2026-08-26,GBP,CBI Distributive Trades AUG,-48.0,-26.0,-48.0,-48.0,2.0,CSE,-21.0,-24.0,GB,,,M
2026-08-26,GBP,Car Production YoY JUL,-10.6,-1.2,-10.6,-10.6,1.0,BCf,1.0,,GB,,,Y
2026-09-04,GBP,DMP 3M Output Price Expectations AUG,3.8,3.9,3.8,3.8,1.0,IF,3.8,,GB,,,Q
2026-09-04,GBP,New Car Sales YoY AUG,13.7,11.7,13.7,13.7,1.0,BCf,11.0,,GB,,,Y
2026-09-04,GBP,BoE Gov Bailey Speech,0.0,0.0,0.0,0.0,2.0,rate,0.0,,GB,BA,BANK,M
2026-09-15,GBP,BoE Wilkins Speech,0.0,0.0,0.0,0.0,1.0,rate,0.0,,GB,BA,BANK,M
2026-09-07,GBP,Chancellor John Healey Speech,0.0,0.0,0.0,0.0,2.0,,0.0,,GB,BA,BANK,M
2026-09-01,GBP,M4 Money Supply MoM JUL,-0.3,0.9,-0.3,-0.3,1.0,,0.6,0.9,GB,BA,BANK,M
2026-09-03,GBP,Index-linked Treasury Gilt 2049 Auction,2.5,2.17,2.5,2.5,1.0,BND,0.0,,GB,BA,BOND,M
2026-09-15,GBP,Treasury Gilt 2029 Auction,4.82,4.46,4.82,4.82,1.0,BND,0.0,,GB,BA,BOND,M
2026-08-25,GBP,Treasury Gilt 2033 Auction,4.76,4.52,4.76,4.76,1.0,BND,0.0,,GB,BA,BOND,M
2026-09-15,GBP,Treasury Gilt 2040 Auction,5.64,5.05,5.64,5.64,1.0,BND,0.0,,GB,BA,BOND,M
2026-09-10,GBP,Treasury Gilt 2030 Auction,4.79,4.36,4.79,4.79,1.0,BND,0.0,,GB,BA,BOND30,M
2026-09-08,GBP,Treasury Gilt 2056 Auction,5.82,5.405,5.82,5.82,1.0,BND,0.0,,GB,BA,BOND5,M
2026-09-17,GBP,MPC Meeting Minutes,0.0,0.0,0.0,0.0,2.0,rate,0.0,,GB,BA,IMPBANK,M
2026-09-01,GBP,Net Lending to Individuals MoM JUL,0.0,0.0,0.0,0.0,1.0,CSE,0.0,,GB,BA,LOAN,M
2026-09-07,GBP,BBA Mortgage Rate AUG,6.58,6.58,6.58,6.58,1.0,hs,6.6,,GB,BA,RATE,M
2026-09-17,GBP,BoE Interest Rate Decision,3.75,3.75,3.75,3.75,3.0,rate,3.75,3.75,GB,BA,RATE,M
2026-09-01,GBP,Mortgage Approvals JUL,56.05,58.22,56.05,56.05,2.0,hs,57.9,59.4,GB,BA,RATE,M
2026-09-01,GBP,Mortgage Lending JUL,0.0,0.0,0.0,0.0,2.0,hs,0.0,,GB,BA,RATE,M
2026-09-17,GBP,BoE MPC Vote Cut,0.0,0.0,0.0,0.0,2.0,rate,0.0,,GB,BA,VOTE,M
2026-09-17,GBP,BoE MPC Vote Hike,0.0,0.0,0.0,0.0,2.0,rate,0.0,,GB,BA,VOTE,M
2026-09-17,GBP,BoE MPC Vote Unchanged,0.0,0.0,0.0,0.0,2.0,rate,0.0,,GB,BA,VOTE,M
2026-09-11,GBP,Balance of Trade JUL,0.0,0.0,0.0,0.0,1.0,FTR,0.0,,GB,BU,1TB,M
2026-09-11,GBP,Goods Trade Balance JUL,0.0,0.0,0.0,0.0,2.0,FTR,0.0,,GB,BU,1TB,M
2026-09-11,GBP,Goods Trade Balance Non-EU JUL,0.0,0.0,0.0,0.0,2.0,FTR,0.0,,GB,BU,1TB,M
2026-09-11,GBP,Manufacturing Production MoM JUL,0.9,-0.5,0.9,0.9,2.0,BCf,0.4,0.2,GB,BU,2CONDITIONM,M
2026-09-11,GBP,Manufacturing Production YoY JUL,2.6,0.5,2.6,2.6,1.0,BCf,1.0,2.0,GB,BU,2CONDITIONM,Y
2026-09-11,GBP,Industrial Production MoM JUL,0.2,-0.2,0.2,0.2,2.0,BCf,0.2,-0.2,GB,BU,INDUSTRY,M
2026-09-11,GBP,Industrial Production YoY JUL,0.6,-0.2,0.6,0.6,1.0,BCf,0.3,0.2,GB,BU,INDUSTRY,Y
2026-09-03,GBP,S&P Global Composite PMI Final AUG,52.5,52.2,52.5,52.5,1.0,BCf,52.5,52.5,GB,BU,PMI,M
2026-09-04,GBP,S&P Global Construction PMI AUG,44.3,44.7,44.3,44.3,2.0,hs,45.0,45.5,GB,BU,PMI,M
2026-09-01,GBP,S&P Global Manufacturing PMI Final AUG,51.7,51.9,51.7,51.7,1.0,BCf,51.5,51.5,GB,BU,PMI,M
2026-09-03,GBP,S&P Global Services PMI Final AUG,52.5,52.1,52.5,52.5,1.0,BCf,52.8,52.8,GB,BU,PMIS,M
2026-09-01,GBP,BoE Consumer Credit JUL,0.0,0.0,0.0,0.0,2.0,CSE,0.0,,GB,CON,EXPENSE,M
2026-09-15,GBP,Employment Change JUL,67.0,83.0,67.0,67.0,2.0,lb,70.0,,GB,EM,EC,M
2026-09-15,GBP,HMRC Payrolls Change AUG,-26.0,-19.0,-26.0,-26.0,1.0,lb,-4.0,,GB,EM,EC,M
2026-09-15,GBP,Claimant Count Change AUG,27.8,-11.8,27.8,27.8,1.0,lb,5.0,8.3,GB,EM,UR,M
2026-09-15,GBP,Unemployment Rate JUL,4.9,4.9,4.9,4.9,3.0,lb,5.0,5.0,GB,EM,UR,M
2026-09-11,GBP,GDP 3-Month Avg JUL,0.4,0.4,0.4,0.4,2.0,BCf,0.3,0.3,GB,GR,GDP,M
2026-09-11,GBP,GDP MoM JUL,0.4,0.3,0.4,0.4,3.0,GW,0.1,0.0,GB,GR,GDP,M
2026-09-11,GBP,GDP YoY JUL,1.6,1.1,1.6,1.6,1.0,GW,1.0,1.2,GB,GR,GDP,Y
2026-09-11,GBP,NIESR Monthly GDP Tracker AUG,0.5,0.4,0.5,0.5,1.0,,0.3,,GB,GR,GDP,M
2026-09-07,GBP,BRC Retail Sales Monitor YoY AUG,0.5,1.0,0.5,0.5,2.0,BCf,1.2,1.2,GB,GR,RSALE,Y
2026-09-16,GBP,Retail Price Index MoM AUG,0.6,0.6,0.6,0.6,,,0.5,0.7,GB,GR,RSALE,M
2026-09-16,GBP,Retail Price Index YoY AUG,3.4,3.2,3.4,3.4,,,3.3,3.5,GB,GR,RSALE,Y
2026-09-18,GBP,Retail Sales MoM AUG,0.5,-0.5,0.5,0.5,3.0,CSE,-0.1,-0.2,GB,GR,RSALE,M
2026-09-18,GBP,Retail Sales YoY AUG,2.4,1.2,2.4,2.4,2.0,CSE,2.0,1.9,GB,GR,RSALE,Y
2026-09-18,GBP,Retail Sales ex Fuel MoM AUG,0.6,-0.9,0.6,0.6,,,-0.1,-0.2,GB,GR,RSALE,M
2026-09-18,GBP,Retail Sales ex Fuel YoY AUG,2.7,1.8,2.7,2.7,,,2.1,1.9,GB,GR,RSALE,Y
2026-09-11,GBP,Construction Output YoY JUL,-2.5,-2.3,-2.5,-2.5,1.0,hs,-3.1,-2.3,GB,HE,HOUSE,Y
2026-09-07,GBP,Lloyds House Price Index MoM AUG,-0.2,-0.1,-0.2,-0.2,2.0,hs,0.1,0.2,GB,HE,HOUSE,M
2026-09-07,GBP,Lloyds House Price Index YoY AUG,-0.4,0.1,-0.4,-0.4,2.0,hs,0.1,,GB,HE,HOUSE,Y
2026-09-01,GBP,Nationwide Housing Prices MoM AUG,0.2,-0.1,0.2,0.2,2.0,hs,0.1,0.1,GB,HE,HOUSE,M
2026-09-01,GBP,Nationwide Housing Prices YoY AUG,1.6,1.4,1.6,1.6,2.0,hs,1.9,2.1,GB,HE,HOUSE,Y
2026-09-09,GBP,RICS House Price Balance AUG,-28.0,-29.0,-28.0,-28.0,2.0,hs,-28.0,-31.0,GB,HE,HOUSE,M
2026-09-04,GBP,DMP 1Y CPI Expectations AUG,3.1,3.0,3.1,3.1,1.0,IF,0.0,,GB,IN,CPI,M
2026-08-31,GBP,BRC Shop Price Inflation AUG,1.5,0.9,1.5,1.5,1.0,IF,1.0,,GB,IN,INFLATION,M
2026-09-16,GBP,Core Inflation Rate MoM AUG,0.3,0.2,0.3,0.3,1.0,IF,0.3,0.3,GB,IN,INFLATION,M
2026-09-16,GBP,Core Inflation Rate YoY AUG,2.6,2.6,2.6,2.6,2.0,IF,2.6,2.6,GB,IN,INFLATION,Y
2026-09-16,GBP,Inflation Rate MoM AUG,0.5,0.3,0.5,0.5,2.0,IF,0.5,0.5,GB,IN,INFLATION,M
2026-09-16,GBP,Inflation Rate YoY AUG,3.1,2.9,3.1,3.1,3.0,IF,3.1,3.1,GB,IN,INFLATION,Y
2026-09-15,GBP,Average Earnings excl. Bonus (3Mo/Yr) JUL,3.5,3.5,3.5,3.5,1.0,lb,3.4,3.5,GB,IN,LEAD,Q
2026-09-15,GBP,Average Earnings incl. Bonus (3Mo/Yr) JUL,3.9,4.2,3.9,3.9,2.0,lb,4.0,3.9,GB,IN,LEAD,Q
2026-09-16,GBP,PPI Core Output MoM AUG,0.3,0.5,0.3,0.3,1.0,IF,0.4,,GB,IN,PPI,M
2026-09-16,GBP,PPI Core Output YoY AUG,2.7,2.7,2.7,2.7,1.0,IF,2.9,,GB,IN,PPI,Y
2026-09-16,GBP,PPI Input MoM AUG,0.3,-0.8,0.3,0.3,1.0,IF,0.3,0.4,GB,IN,PPI,M
2026-09-16,GBP,PPI Input YoY AUG,6.1,5.8,6.1,6.1,1.0,IF,5.2,5.4,GB,IN,PPI,Y
2026-09-16,GBP,PPI Output MoM AUG,0.7,0.4,0.7,0.7,1.0,IF,0.3,0.3,GB,IN,PPI,M
2026-09-16,GBP,PPI Output YoY AUG,3.7,3.3,3.7,3.7,,,3.2,3.3,GB,IN,PPI,Y
2026-08-25,JPY,Coincident Index Final JUN,118.5,117.9,118.5,118.5,1.0,BCf,118.2,,JP,,,M
2026-09-07,JPY,Coincident Index Prel JUL,120.6,118.9,120.6,120.6,1.0,BCf,118.8,,JP,,,M
2026-09-07,JPY,Overtime Pay YoY JUL,3.1,3.4,3.1,3.1,1.0,lb,3.0,3.9,JP,,,Y
2026-09-08,JPY,Reuters Tankan Index SEP,21.0,18.0,21.0,21.0,1.0,BCf,15.0,,JP,,,M
2026-09-09,JPY,BOJ Masu Speech,0.0,0.0,0.0,0.0,1.0,rate,0.0,,JP,BA,BANK,M
2026-08-26,JPY,BoJ Himino Speech,0.0,0.0,0.0,0.0,2.0,rate,0.0,,JP,BA,BANK,M
2026-08-26,JPY,BoJ JGB Purchase,0.0,0.0,0.0,0.0,1.0,,0.0,,JP,BA,BANK,M
2026-09-01,JPY,BoJ Takada Speech,0.0,0.0,0.0,0.0,2.0,rate,0.0,,JP,BA,BANK,M
2026-09-06,JPY,Foreign Exchange Reserves AUG,1207.5,1287.1,1207.5,1207.5,1.0,,0.0,,JP,BA,BANK,M
2026-09-01,JPY,Monetary Base YoY,-15.7,-13.8,-15.7,-15.7,1.0,,0.0,-13.5,JP,BA,BANK,Y
2026-08-26,JPY,Stock Investment by Foreigners AUG/22,0.0,0.0,0.0,0.0,1.0,,0.0,,JP,BA,BANK,M
2026-09-02,JPY,Stock Investment by Foreigners AUG/29,0.0,0.0,0.0,0.0,,,0.0,,JP,BA,BANK,M
2026-09-09,JPY,Stock Investment by Foreigners SEP/05,0.0,0.0,0.0,0.0,,,0.0,,JP,BA,BANK,M
2026-09-16,JPY,Stock Investment by Foreigners SEP/12,0.0,0.0,0.0,0.0,,,0.0,,JP,BA,BANK,M
2026-08-27,JPY,2-Year JGB Auction,1.71,1.48,1.71,1.71,1.0,BND,0.0,,JP,BA,BOND,M
2026-09-14,JPY,20-Year JGB Auction,3.86,3.7,3.86,3.86,1.0,BND,0.0,,JP,BA,BOND,M
2026-09-10,JPY,3-Month Bill Auction,1.11,1.11,1.1,1.1,1.0,BND,0.0,,JP,BA,BOND,M
2026-09-08,JPY,6-Month Bill Auction,1.29,1.18,1.29,1.29,1.0,BND,0.0,,JP,BA,BOND,M
2026-08-26,JPY,Foreign Bond Investment AUG/22,0.0,0.0,0.0,0.0,1.0,,0.0,,JP,BA,BOND,M
2026-09-02,JPY,Foreign Bond Investment AUG/29,0.0,0.0,0.0,0.0,,,0.0,,JP,BA,BOND,M
2026-09-16,JPY,Foreign Bond Investment SEP/12,0.0,0.0,0.0,0.0,,,0.0,,JP,BA,BOND,M
2026-08-23,JPY,10-Year Climate Transition JGB Auction,2.86,2.2,2.86,2.86,1.0,BND,0.0,,JP,BA,BOND10,M
2026-08-31,JPY,10-Year JGB Auction,3.0,2.84,3.0,3.0,1.0,BND,0.0,,JP,BA,BOND10,M
2026-09-02,JPY,30-Year JGB Auction,4.1,3.94,4.1,4.1,1.0,BND,0.0,,JP,BA,BOND30,M
2026-09-07,JPY,5-Year JGB Auction,2.24,2.16,2.24,2.24,1.0,BND,0.0,,JP,BA,BOND5,M
2026-09-15,JPY,52-Week Bill Auction,1.57,1.43,1.57,1.57,1.0,BND,0.0,,JP,BA,BOND5,M
2026-09-09,JPY,Foreign Bond Investment SEP/05,0.0,0.0,0.0,0.0,,,0.0,,JP,BA,BOND5,M
2026-09-07,JPY,Bank Lending YoY AUG,5.4,5.4,5.4,5.4,1.0,,5.5,5.5,JP,BA,LOAN,Y
2026-09-17,JPY,BoJ Interest Rate Decision,1.25,1.0,1.25,1.25,3.0,rate,1.25,1.25,JP,BA,RATE,M
2026-09-07,JPY,Current Account JUL,0.0,0.0,0.0,0.0,2.0,FTR,0.0,,JP,BU,1CA,M
2026-09-15,JPY,Balance of Trade AUG,0.0,0.0,0.0,0.0,3.0,FTR,0.0,,JP,BU,1TB,M
2026-09-15,JPY,Exports YoY AUG,19.3,23.2,19.3,19.3,2.0,FTR,0.0,18.2,JP,BU,1TB,Y
2026-09-10,JPY,BSI Large Manufacturing QoQ Q3,7.6,-1.8,7.6,7.6,1.0,BCf,2.0,2.5,JP,BU,2CONDITIONM,Q
2026-09-14,JPY,Capacity Utilization MoM JUL,0.5,4.1,0.5,0.5,1.0,BCf,-1.3,,JP,BU,CU,M
2026-09-14,JPY,Industrial Production MoM Final JUL,-0.2,1.9,-0.2,-0.2,1.0,BCf,0.1,0.1,JP,BU,INDUSTRY,M
2026-08-30,JPY,Industrial Production MoM Prel JUL,0.1,1.9,0.1,0.1,2.0,BCf,-0.5,-0.6,JP,BU,INDUSTRY,M
2026-09-14,JPY,Industrial Production YoY Final JUL,3.9,4.9,3.9,3.9,1.0,BCf,4.1,,JP,BU,INDUSTRY,Y
2026-08-30,JPY,Industrial Production YoY Prel JUL,4.1,4.9,4.1,4.1,1.0,BCf,3.0,,JP,BU,INDUSTRY,Y
2026-09-15,JPY,Tertiary Industry Index MoM JUL,0.4,-0.2,0.4,0.4,1.0,BCf,0.3,0.3,JP,BU,INDUSTRY,M
2026-09-08,JPY,Eco Watchers Survey Current AUG,46.4,45.7,46.4,46.4,1.0,BCf,46.0,46.3,JP,BU,LEAD,M
2026-09-08,JPY,Eco Watchers Survey Outlook AUG,48.3,45.8,48.3,48.3,1.0,BCf,46.1,,JP,BU,LEAD,M
2026-08-25,JPY,Leading Economic Index Final JUN,116.5,116.5,116.5,116.5,1.0,BCf,114.0,116.4,JP,BU,LEAD,M
2026-09-07,JPY,Leading Economic Index Prel JUL,117.9,116.2,117.9,117.9,1.0,BCf,116.8,118.1,JP,BU,LEAD,M
2026-09-02,JPY,S&P Global Composite PMI Final AUG,53.5,52.7,53.5,53.5,1.0,BCf,53.4,53.4,JP,BU,PMI,M
2026-08-31,JPY,S&P Global Manufacturing PMI Final AUG,54.9,54.5,54.9,54.9,1.0,BCf,55.1,55.1,JP,BU,PMI,M
2026-09-02,JPY,S&P Global Services PMI Final AUG,52.5,51.2,52.5,52.5,1.0,BCf,52.3,52.3,JP,BU,PMIS,M
2026-09-01,JPY,Consumer Confidence AUG,35.5,34.9,35.5,35.5,3.0,CSE,35.0,35.0,JP,CON,CONSUMER,M
2026-08-31,JPY,Capital Spending YoY Q2,1.6,0.0,1.6,1.6,2.0,BCf,0.3,0.2,JP,CON,EXPENSE,Y
2026-09-07,JPY,GDP Capital Expenditure QoQ Final Q2,-0.9,-1.0,-0.9,-0.9,1.0,GW,-1.2,-0.8,JP,CON,EXPENSE,Q
2026-09-03,JPY,Household Spending MoM JUL,0.5,-6.4,0.5,0.5,2.0,CSE,3.6,2.6,JP,CON,EXPENSE,M
2026-09-03,JPY,Household Spending YoY JUL,-3.6,-3.3,-3.6,-3.6,2.0,CSE,-1.0,-1.6,JP,CON,EXPENSE,Y
2026-08-27,JPY,Jobs/applications ratio JUL,1.18,1.18,1.18,1.18,1.0,lb,1.18,1.19,JP,EM,EM,M
2026-08-27,JPY,Unemployment Rate JUL,2.4,2.5,2.4,2.4,2.0,lb,2.5,2.5,JP,EM,UR,M
2026-09-07,JPY,GDP External Demand QoQ Final Q2,0.5,0.3,0.5,0.5,1.0,GW,0.5,0.5,JP,GR,GDP,Q
2026-09-07,JPY,GDP Growth Annualized Final Q2,1.4,1.8,1.4,1.4,2.0,GW,1.1,1.1,JP,GR,GDP,Y
2026-09-07,JPY,GDP Growth Rate QoQ Final Q2,0.4,0.5,0.4,0.4,2.0,GW,0.3,0.4,JP,GR,GDP,Q
2026-09-07,JPY,GDP Price Index YoY Final Q2,2.6,3.2,2.6,2.6,1.0,IF,2.6,2.6,JP,GR,GDP,Y
2026-09-07,JPY,GDP Private Consumption QoQ Final Q2,0.0,0.4,0.0,0.0,1.0,CSE,0.0,0.0,JP,GR,GDP,Q
2026-09-09,JPY,Machine Tool Orders YoY AUG,64.7,50.4,64.7,64.7,1.0,BCf,43.0,,JP,GR,ORDER,Y
2026-09-15,JPY,Machinery Orders MoM JUL,-3.7,9.7,-3.7,-3.7,2.0,BCf,-3.4,-2.8,JP,GR,ORDER,M
2026-09-15,JPY,Machinery Orders YoY JUL,11.2,16.9,11.2,11.2,2.0,BCf,12.0,15.3,JP,GR,ORDER,Y
2026-08-30,JPY,Retail Sales MoM JUL,2.4,-3.9,2.4,2.4,1.0,CSE,3.1,,JP,GR,RSALE,M
2026-08-30,JPY,Retail Sales YoY JUL,4.0,0.6,4.0,4.0,2.0,CSE,1.0,3.0,JP,GR,RSALE,Y
2026-08-31,JPY,Housing Starts YoY JUL,8.2,18.6,8.2,8.2,2.0,hs,13.0,7.9,JP,HE,BP|HS,Y
2026-08-31,JPY,Construction Orders YoY JUL,-13.4,2.3,-13.4,-13.4,1.0,hs,5.0,,JP,HE,HOUSE,Y
2026-08-27,JPY,Tokyo CPI Ex Food and Energy YoY AUG,2.0,1.8,2.0,2.0,1.0,IF,2.0,,JP,IN,CPI,Y
2026-08-27,JPY,Tokyo CPI YoY AUG,1.9,1.8,1.9,1.9,1.0,IF,2.0,,JP,IN,CPI,Y
2026-08-27,JPY,Tokyo Core CPI YoY AUG,1.8,1.7,1.8,1.8,1.0,IF,2.0,1.7,JP,IN,CPIC,Y
2026-09-17,JPY,Core Inflation Rate YoY AUG,1.7,1.8,1.7,1.7,2.0,IF,1.8,1.8,JP,IN,INFLATION,Y
2026-09-17,JPY,Inflation Rate Ex-Food and Energy YoY AUG,1.9,1.9,1.9,1.9,,,1.9,,JP,IN,INFLATION,Y
2026-09-17,JPY,Inflation Rate MoM AUG,0.1,0.5,0.1,0.1,,,0.2,,JP,IN,INFLATION,M
2026-09-17,JPY,Inflation Rate YoY AUG,1.9,1.9,1.9,1.9,3.0,IF,2.1,,JP,IN,INFLATION,Y
2026-09-07,JPY,Average Cash Earnings YoY JUL,4.7,4.0,4.7,4.7,1.0,lb,3.5,3.9,JP,IN,LEAD,Y
2026-09-15,JPY,Imports YoY AUG,28.0,27.9,28.0,28.0,1.0,FTR,0.0,26.3,JP,IN,LEAD,Y
2026-09-10,JPY,PPI MoM AUG,-0.2,0.4,-0.2,-0.2,1.0,IF,0.3,0.0,JP,IN,PPI,M
2026-09-10,JPY,PPI YoY AUG,7.6,7.7,7.6,7.6,1.0,IF,7.8,7.4,JP,IN,PPI,Y
2026-09-13,NZD,Composite NZ PCI AUG,52.5,52.5,52.5,52.5,,,52.3,,NZ,,,M
2026-09-01,NZD,Global Dairy Trade Price Index SEP/01,0.9,2.3,0.9,0.9,,,0.0,,NZ,,,M
2026-09-15,NZD,Global Dairy Trade Price Index SEP/15,-1.1,0.9,-1.1,-1.1,,,0.0,,NZ,,,M
2026-09-13,NZD,Services NZ PSI AUG,51.2,50.6,51.2,51.2,,,50.5,,NZ,,,M
2026-09-02,NZD,Terms of Trade QoQ Q2,-9.0,-1.9,-9.0,-9.0,,,-1.1,-2.2,NZ,,,Q
2026-09-13,NZD,Visitor Arrivals YoY JUL,8.5,8.1,8.5,8.5,,,4.0,,NZ,,,Y
2026-09-08,NZD,RBNZ Silk Speech,0.0,0.0,0.0,0.0,,,0.0,,NZ,BA,BANK,M
2026-09-21,NZD,1-Year Bill Auction,0.0,3.57,2.31,1.74,,,0.0,,NZ,BA,BOND,M
2026-09-21,NZD,3-Month Bill Auction,0.0,2.9,1.93,2.3,,,3.0,,NZ,BA,BOND,M
2026-09-21,NZD,6-Month Bill Auction,0.0,3.16,2.08,2.32,,,0.0,,NZ,BA,BOND,M
2026-09-01,NZD,RBNZ Press Conference,0.0,0.0,0.0,0.0,,,0.0,,NZ,BA,IMPBANK,M
2026-09-01,NZD,RBNZ Interest Rate Decision,2.75,2.5,2.75,2.75,,,2.75,2.75,NZ,BA,RATE,M
2026-09-15,NZD,Current Account Q2,0.0,0.0,0.0,0.0,,,0.0,,NZ,BU,1CA,M
2026-09-17,NZD,Balance of Trade AUG,0.0,0.0,0.0,0.0,,,0.0,,NZ,BU,1TB,M
2026-09-02,NZD,Export Prices QoQ Q2,3.5,-2.6,3.5,3.5,,,0.0,,NZ,BU,1TB,Q
2026-09-17,NZD,Exports AUG,0.0,0.0,0.0,0.0,,,0.0,,NZ,BU,1TB,M
2026-09-07,NZD,Manufacturing Sales YoY Q2,6.4,2.8,6.4,6.4,,,-1.0,,NZ,BU,2CONDITIONM,Y
2026-08-30,NZD,ANZ Business Confidence AUG,53.7,56.1,53.7,53.7,,,55.7,,NZ,BU,2CONFIDENCE,M
2026-09-10,NZD,Business NZ PMI AUG,53.1,54.3,53.1,53.1,,,54.0,,NZ,BU,PMI,M
2026-09-02,NZD,ANZ Roy Morgan Consumer Confidence AUG,98.0,99.3,98.0,98.0,,,98.7,,NZ,CON,CONSUMER,M
2026-09-15,NZD,Westpac Consumer Confidence Q3,89.5,80.4,89.5,89.5,,,82.3,,NZ,CON,CONSUMER,M
2026-09-20,NZD,Credit Card Spending YoY AUG,3.5,5.3,3.5,3.5,,,5.5,,NZ,CON,EXPENSE,Y
2026-09-14,NZD,Electronic Retail Card Spending MoM AUG,-0.9,1.2,-0.9,-0.9,,,-0.7,,NZ,CON,EXPENSE,M
2026-09-14,NZD,Electronic Retail Card Spending YoY AUG,0.2,3.4,0.2,0.2,,,3.0,,NZ,CON,EXPENSE,Y
2026-09-16,NZD,GDP Growth Rate QoQ Q2,0.2,0.9,0.2,0.2,,,0.1,0.1,NZ,GR,GDP,Q
2026-09-16,NZD,GDP Growth Rate YoY Q2,2.6,1.7,2.6,2.6,,,2.1,2.3,NZ,GR,GDP,Y
2026-08-23,NZD,Retail Sales QoQ Q2,-0.5,1.0,-0.5,-0.5,,,-0.3,0.1,NZ,GR,RSALE,Q
2026-08-23,NZD,Retail Sales YoY Q2,3.3,4.5,3.3,3.3,,,3.2,,NZ,GR,RSALE,Y
2026-09-01,NZD,Building Permits MoM JUL,-4.3,-3.7,-4.3,-4.3,,,2.5,,NZ,HE,BP|HS,M
2026-09-17,NZD,Food Inflation YoY AUG,1.9,1.9,1.9,1.9,,,2.0,,NZ,IN,INFLATION,Y
2026-09-02,NZD,Import Prices QoQ Q2,13.8,-0.7,13.8,13.8,,,0.0,,NZ,IN,LEAD,Q
2026-09-17,NZD,Imports AUG,0.0,0.0,0.0,0.0,,,0.0,,NZ,IN,LEAD,M
2026-08-28,USD,Baker Hughes Total Rigs Count AUG/28,588.0,588.0,588.0,588.0,1.0,eng,0.0,,US,,,M
2026-09-04,USD,Baker Hughes Total Rigs Count SEP/04,588.0,588.0,588.0,588.0,,,0.0,,US,,,M
2026-09-11,USD,Baker Hughes Total Rigs Count SEP/11,591.0,588.0,591.0,591.0,,,0.0,,US,,,M
2026-09-18,USD,Baker Hughes Total Rigs Count SEP/18,595.0,591.0,595.0,595.0,,,0.0,,US,,,M
2026-09-01,USD,Dallas Fed Services Index AUG,4.2,6.6,4.2,4.2,1.0,BCf,5.0,,US,,,M
2026-09-01,USD,Dallas Fed Services Revenues Index AUG,6.6,9.5,6.6,6.6,1.0,BCf,7.0,,US,,,M
2026-08-26,USD,EIA Distillate Fuel Production Change AUG/21,-0.091,-0.054,-0.09,-0.09,1.0,eng,0.0,,US,,,M
2026-09-02,USD,EIA Distillate Fuel Production Change AUG/28,-0.009,-0.091,-0.01,-0.01,,,0.0,,US,,,M
2026-09-10,USD,EIA Distillate Fuel Production Change SEP/04,0.222,-0.009,0.22,0.22,,,0.0,,US,,,M
2026-09-16,USD,EIA Distillate Fuel Production Change SEP/11,-0.121,0.222,-0.12,-0.12,,,0.0,,US,,,M
2026-08-26,USD,EIA Distillate Stocks Change AUG/21,-2.228,-1.53,-2.23,-2.23,1.0,eng,0.0,-1.6,US,,,M
2026-09-02,USD,EIA Distillate Stocks Change AUG/28,0.796,-2.228,0.8,0.8,,,0.0,-1.3,US,,,M
2026-09-10,USD,EIA Distillate Stocks Change SEP/04,2.087,0.796,2.09,2.09,,,0.0,-0.7,US,,,M
2026-09-16,USD,EIA Distillate Stocks Change SEP/11,1.585,2.087,1.58,1.58,,,0.0,0.1,US,,,M
2026-08-26,USD,EIA Refinery Crude Runs Change AUG/21,-0.002,0.216,-0.0,-0.0,1.0,eng,0.0,,US,,,M
2026-09-02,USD,EIA Refinery Crude Runs Change AUG/28,0.103,-0.002,0.1,0.1,,,0.0,,US,,,M
2026-09-10,USD,EIA Refinery Crude Runs Change SEP/04,0.09,0.103,0.09,0.09,,,0.0,,US,,,M
2026-09-16,USD,EIA Refinery Crude Runs Change SEP/11,-0.256,0.09,-0.26,-0.26,,,0.0,,US,,,M
2026-08-27,USD,Fed Balance Sheet AUG/26,6.731,6.746,6.73,6.73,1.0,,0.0,,US,,,M
2026-09-03,USD,Fed Balance Sheet SEP/02,6.737,6.731,6.74,6.74,,,0.0,,US,,,M
2026-09-10,USD,Fed Balance Sheet SEP/09,6.741,6.737,6.74,6.74,,,0.0,,US,,,M
2026-09-17,USD,Fed Balance Sheet SEP/16,6.747,6.741,6.75,6.75,,,0.0,,US,,,M
2026-08-26,USD,Jackson Hole Symposium,0.0,0.0,0.0,0.0,2.0,rate,0.0,,US,,,M
2026-09-01,USD,LMI Logistics Managers Index AUG,66.6,68.9,66.6,66.6,1.0,BCf,0.0,,US,,,M
2026-08-26,USD,MBA Purchase Index AUG/21,154.4,154.8,154.4,154.4,1.0,hs,0.0,,US,,,M
2026-09-02,USD,MBA Purchase Index AUG/28,157.8,154.4,157.8,157.8,,,0.0,,US,,,M
2026-09-09,USD,MBA Purchase Index SEP/04,157.5,157.8,157.5,157.5,,,0.0,,US,,,M
2026-09-16,USD,MBA Purchase Index SEP/11,156.2,157.5,156.2,156.2,,,0.0,,US,,,M
2026-08-28,USD,Michigan Current Conditions Final AUG,51.9,54.8,51.9,51.9,1.0,CSE,51.8,51.8,US,,,M
2026-09-11,USD,Michigan Current Conditions Prel SEP,50.9,51.9,50.9,50.9,1.0,CSE,51.4,51.3,US,,,M
2026-09-15,USD,NOPA Crush Report,0.0,0.0,0.0,0.0,1.0,,0.0,,US,,,M
2026-09-16,USD,NY Fed Services Activity Index SEP,-8.7,0.5,-8.7,-8.7,,,0.0,,US,,,M
2026-09-16,USD,Overall Net Capital Flows JUL,83.7,135.5,83.7,83.7,,,0.0,,US,,,M
2026-09-17,USD,Philly Fed CAPEX Index SEP,37.1,48.2,37.1,37.1,,,0.0,,US,,,M
2026-09-17,USD,Philly Fed Prices Paid SEP,48.6,40.9,48.6,48.6,,,0.0,,US,,,M
2026-08-25,USD,Richmond Fed Services Revenues Index AUG,-8.0,-3.0,-8.0,-8.0,1.0,BCf,-1.0,,US,,,M
2026-09-20,USD,UN General Assembly,0.0,0.0,0.0,0.0,2.0,,0.0,,US,,,M
2026-09-03,USD,Unit Labour Costs QoQ Final Q2,1.2,1.3,1.2,1.2,1.0,lb,1.3,1.3,US,,,Q
2026-09-08,USD,Used Car Prices MoM AUG,-0.9,-1.4,-0.9,-0.9,1.0,CSE,0.0,,US,,,M
2026-09-08,USD,Used Car Prices YoY AUG,0.4,1.3,0.4,0.4,1.0,CSE,0.0,,US,,,Y
2026-09-11,USD,WASDE Report,0.0,0.0,0.0,0.0,1.0,,0.0,,US,,,M
2026-09-16,USD,Net Long-term TIC Flows JUL,-27.9,174.4,-27.9,-27.9,2.0,FTR,0.0,146.3,US,??,NET POSITION,M
2026-08-25,USD,Fed Barkin Speech,0.0,0.0,0.0,0.0,2.0,rate,0.0,,US,BA,BANK,M
2026-09-01,USD,Fed Barr Speech,0.0,0.0,0.0,0.0,2.0,rate,0.0,,US,BA,BANK,M
2026-09-02,USD,Fed Beige Book,0.0,0.0,0.0,0.0,1.0,rate,0.0,,US,BA,BANK,M
2026-09-18,USD,Fed Bowman Speech,0.0,0.0,0.0,0.0,2.0,rate,0.0,,US,BA,BANK,M
2026-08-28,USD,Fed Chair Warsh Speech,0.0,0.0,0.0,0.0,3.0,rate,0.0,,US,BA,BANK,M
2026-08-28,USD,Fed Goolsbee Speech,0.0,0.0,0.0,0.0,2.0,rate,0.0,,US,BA,BANK,M
2026-09-03,USD,Fed Hammack Speech,0.0,0.0,0.0,0.0,2.0,rate,0.0,,US,BA,BANK,M
2026-09-18,USD,Fed Schmid Speech,0.0,0.0,0.0,0.0,2.0,rate,0.0,,US,BA,BANK,M
2026-09-03,USD,Fed Waller Speech,0.0,0.0,0.0,0.0,2.0,rate,0.0,,US,BA,BANK,M
2026-08-25,USD,Money Supply JUL,23.22,23.15,23.22,23.22,1.0,,0.0,,US,BA,BANK,M
2026-08-31,USD,NY Fed Bill Purchases 1 to 4 months,0.0,0.0,0.0,0.0,1.0,,0.0,,US,BA,BANK,M
2026-08-26,USD,NY Fed Bill Purchases 4 to 12 months,0.0,0.0,0.0,0.0,1.0,,0.0,,US,BA,BANK,M
2026-08-24,USD,Treasury Secretary Bessent Speech,0.0,0.0,0.0,0.0,2.0,,0.0,,US,BA,BANK,M
2026-09-16,USD,17-Week Bill Auction,4.03,3.9,3.89,3.89,1.0,BND,0.0,,US,BA,BOND,M
2026-08-26,USD,2-Year FRN Auction,0.06,0.05,0.06,0.06,1.0,BND,0.0,,US,BA,BOND,M
2026-08-25,USD,2-Year Note Auction,4.2,4.32,4.2,4.2,1.0,BND,0.0,,US,BA,BOND,M
2026-09-15,USD,20-Year Bond Auction,5.42,5.2,5.42,5.42,1.0,BND,0.0,,US,BA,BOND,M
2026-09-21,USD,3-Month Bill Auction,4.02,3.97,3.93,3.88,1.0,BND,4.0,,US,BA,BOND,M
2026-09-08,USD,3-Year Note Auction,4.47,4.29,4.47,4.47,1.0,BND,0.0,,US,BA,BOND,M
2026-09-17,USD,4-Week Bill Auction,3.82,3.78,3.77,3.74,1.0,BND,0.0,,US,BA,BOND,M
2026-09-21,USD,6-Month Bill Auction,4.16,4.06,3.98,3.93,1.0,BND,0.0,,US,BA,BOND,M
2026-09-08,USD,6-Week Bill Auction,3.74,3.74,3.7,3.7,1.0,BND,0.0,,US,BA,BOND,M
2026-08-27,USD,7-Year Note Auction,4.51,4.47,4.51,4.51,1.0,BND,0.0,,US,BA,BOND,M
2026-09-17,USD,8-Week Bill Auction,3.92,3.85,3.84,3.8,1.0,BND,0.0,,US,BA,BOND,M
2026-09-16,USD,Foreign Bond Investment JUL,-3.6,6.2,-3.6,-3.6,,,0.0,,US,BA,BOND,M
2026-09-09,USD,10-Year Note Auction,4.83,4.68,4.83,4.83,1.0,BND,0.0,,US,BA,BOND10,M
2026-09-17,USD,10-Year TIPS Auction,2.65,2.44,2.65,2.65,,,0.0,,US,BA,BOND10,M
2026-09-10,USD,30-Year Bond Auction,5.31,5.22,5.31,5.31,1.0,BND,0.0,,US,BA,BOND30,M
2026-08-26,USD,5-Year Note Auction,4.39,4.41,4.39,4.39,1.0,BND,0.0,,US,BA,BOND5,M
2026-09-01,USD,52-Week Bill Auction,3.98,3.88,3.98,3.98,1.0,BND,0.0,,US,BA,BOND5,M
2026-09-11,USD,Monthly Budget Statement AUG,-167.0,-432.0,-167.0,-167.0,2.0,GOV,-380.0,-404.0,US,BA,BUDG,M
2026-09-16,USD,Fed Press Conference,0.0,0.0,0.0,0.0,3.0,rate,0.0,,US,BA,IMPBANK,M
2026-09-04,USD,Participation Rate AUG,61.6,61.4,61.6,61.6,2.0,lb,61.4,,US,BA,PARTICIPATION,M
2026-09-16,USD,FOMC Economic Projections,0.0,0.0,0.0,0.0,3.0,rate,0.0,,US,BA,PROJECTIONS,M
2026-08-27,USD,15-Year Mortgage Rate AUG/27,5.98,5.95,5.98,5.98,1.0,hs,0.0,,US,BA,RATE,M
2026-09-03,USD,15-Year Mortgage Rate SEP/03,6.04,5.98,6.04,6.04,,,0.0,,US,BA,RATE,M
2026-09-10,USD,15-Year Mortgage Rate SEP/10,6.09,6.04,6.09,6.09,,,0.0,,US,BA,RATE,M
2026-09-17,USD,15-Year Mortgage Rate SEP/17,6.26,6.09,6.26,6.26,,,0.0,,US,BA,RATE,M
2026-08-27,USD,30-Year Mortgage Rate AUG/27,6.66,6.65,6.66,6.66,1.0,hs,0.0,,US,BA,RATE,M
2026-09-03,USD,30-Year Mortgage Rate SEP/03,6.71,6.66,6.71,6.71,,,0.0,,US,BA,RATE,M
2026-09-10,USD,30-Year Mortgage Rate SEP/10,6.76,6.71,6.76,6.76,,,0.0,,US,BA,RATE,M
2026-09-17,USD,30-Year Mortgage Rate SEP/17,6.95,6.76,6.95,6.95,,,0.0,,US,BA,RATE,M
2026-09-16,USD,Fed Interest Rate Decision,4.0,3.75,4.0,4.0,3.0,rate,4.0,4.0,US,BA,RATE,M
2026-09-16,USD,Interest Rate Projection - 1st Yr,4.1,3.6,4.1,4.1,,,0.0,,US,BA,RATE,M
2026-09-16,USD,Interest Rate Projection - 2nd Yr,3.9,3.4,3.9,3.9,,,0.0,,US,BA,RATE,M
2026-09-16,USD,Interest Rate Projection - 3rd Yr,3.6,3.1,3.6,3.6,,,0.0,,US,BA,RATE,M
2026-09-16,USD,Interest Rate Projection - Current,4.1,3.8,4.1,4.1,,,0.0,,US,BA,RATE,M
2026-09-16,USD,Interest Rate Projection - Longer,3.2,3.1,3.2,3.2,,,0.0,,US,BA,RATE,M
2026-08-26,USD,MBA 30-Year Mortgage Rate AUG/21,6.78,6.77,6.78,6.78,2.0,hs,0.0,,US,BA,RATE,M
2026-09-02,USD,MBA 30-Year Mortgage Rate AUG/28,6.79,6.78,6.79,6.79,,,0.0,,US,BA,RATE,M
2026-09-09,USD,MBA 30-Year Mortgage Rate SEP/04,6.85,6.79,6.85,6.85,,,0.0,,US,BA,RATE,M
2026-09-16,USD,MBA 30-Year Mortgage Rate SEP/11,6.97,6.85,6.97,6.97,,,0.0,,US,BA,RATE,M
2026-08-26,USD,MBA Mortgage Applications AUG/21,-1.0,-0.4,-1.0,-1.0,1.0,hs,0.0,,US,BA,RATE,M
2026-09-02,USD,MBA Mortgage Applications AUG/28,0.8,-1.0,0.8,0.8,,,0.0,,US,BA,RATE,M
2026-09-09,USD,MBA Mortgage Applications SEP/04,-2.7,0.8,-2.7,-2.7,,,0.0,,US,BA,RATE,M
2026-09-16,USD,MBA Mortgage Applications SEP/11,-4.1,-2.7,-4.1,-4.1,,,0.0,,US,BA,RATE,M
2026-08-26,USD,MBA Mortgage Market Index AUG/21,245.3,247.7,245.3,245.3,1.0,hs,0.0,,US,BA,RATE,M
2026-09-02,USD,MBA Mortgage Market Index AUG/28,247.3,245.3,247.3,247.3,,,0.0,,US,BA,RATE,M
2026-09-09,USD,MBA Mortgage Market Index SEP/04,240.6,247.3,240.6,240.6,,,0.0,,US,BA,RATE,M
2026-09-16,USD,MBA Mortgage Market Index SEP/11,230.8,240.6,230.8,230.8,,,0.0,,US,BA,RATE,M
2026-08-26,USD,MBA Mortgage Refinance Index AUG/21,740.8,755.9,740.8,740.8,1.0,hs,0.0,,US,BA,RATE,M
2026-09-02,USD,MBA Mortgage Refinance Index AUG/28,732.6,740.8,732.6,732.6,,,0.0,,US,BA,RATE,M
2026-09-09,USD,MBA Mortgage Refinance Index SEP/04,687.3,732.6,687.3,687.3,,,0.0,,US,BA,RATE,M
2026-09-16,USD,MBA Mortgage Refinance Index SEP/11,627.1,687.3,627.1,627.1,,,0.0,,US,BA,RATE,M
2026-09-03,USD,Balance of Trade JUL,-88.6,-71.2,-88.6,-88.6,2.0,FTR,-91.2,-90.0,US,BU,1TB,M
2026-09-16,USD,Export Prices MoM AUG,0.6,-1.4,0.6,0.6,2.0,IF,0.4,0.5,US,BU,1TB,M
2026-09-16,USD,Export Prices YoY AUG,8.6,8.1,8.6,8.6,,,8.5,,US,BU,1TB,Y
2026-09-03,USD,Exports JUL,310.7,314.7,310.7,310.7,2.0,FTR,308.5,,US,BU,1TB,M
2026-08-27,USD,Goods Trade Balance Adv JUL,-118.8,-101.41,-118.8,-118.8,2.0,FTR,-100.0,-99.0,US,BU,1TB,M
2026-08-31,USD,Dallas Fed Manufacturing Index AUG,11.6,1.3,11.6,11.6,2.0,BCf,0.7,,US,BU,2CONDITIONM,M
2026-08-27,USD,Kansas Fed Composite Index AUG,10.0,9.0,10.0,10.0,1.0,BCf,8.0,,US,BU,2CONDITIONM,M
2026-08-27,USD,Kansas Fed Manufacturing Index AUG,17.0,17.0,17.0,17.0,1.0,BCf,14.0,,US,BU,2CONDITIONM,M
2026-09-04,USD,Manufacturing Payrolls AUG,16.0,14.0,16.0,16.0,1.0,lb,7.0,5.0,US,BU,2CONDITIONM,M
2026-09-18,USD,Manufacturing Production MoM AUG,-0.3,0.2,-0.3,-0.3,,,0.3,0.3,US,BU,2CONDITIONM,M
2026-09-18,USD,Manufacturing Production YoY AUG,0.9,1.2,0.9,0.9,,,1.1,,US,BU,2CONDITIONM,Y
2026-09-15,USD,NY Empire State Manufacturing Index SEP,7.6,20.6,7.6,7.6,2.0,BCf,14.0,14.75,US,BU,2CONDITIONM,M
2026-09-17,USD,Philadelphia Fed Manufacturing Index SEP,37.8,47.4,37.8,37.8,2.0,BCf,37.0,30.5,US,BU,2CONDITIONM,M
2026-09-17,USD,Philly Fed Business Conditions SEP,52.9,73.6,52.9,52.9,,,0.0,,US,BU,2CONDITIONM,M
2026-08-25,USD,Richmond Fed Manufacturing Shipments Index AUG,11.0,8.0,11.0,11.0,1.0,BCf,7.0,,US,BU,2CONDITIONM,M
2026-09-18,USD,Capacity Utilization AUG,76.3,76.3,76.3,76.3,,,76.4,76.4,US,BU,CU,M
2026-09-18,USD,Industrial Production MoM AUG,0.0,0.2,0.0,0.0,2.0,BCf,0.3,0.3,US,BU,INDUSTRY,M
2026-09-18,USD,Industrial Production YoY AUG,1.4,1.13,1.4,1.4,,,1.0,,US,BU,INDUSTRY,Y
2026-09-18,USD,CB Leading Index MoM AUG,-0.1,0.2,-0.1,-0.1,,,0.1,0.1,US,BU,LEAD,M
2026-09-21,USD,Chicago Fed National Activity Index AUG,-0.04,0.08,-0.04,-0.04,,,0.2,,US,BU,LEAD,M
2026-08-24,USD,Chicago Fed National Activity Index JUL,-0.08,0.06,-0.08,-0.08,2.0,BCf,0.1,,US,BU,LEAD,M
2026-08-25,USD,Redbook YoY AUG/22,9.1,7.6,9.1,9.1,1.0,CSE,0.0,,US,BU,LEAD,Y
2026-09-01,USD,Redbook YoY AUG/29,9.6,9.1,9.6,9.6,,,0.0,,US,BU,LEAD,Y
2026-09-09,USD,Redbook YoY SEP/05,8.3,9.6,8.3,8.3,,,0.0,,US,BU,LEAD,Y
2026-09-15,USD,Redbook YoY SEP/12,8.5,8.3,8.5,8.5,,,0.0,,US,BU,LEAD,Y
2026-08-28,USD,Chicago PMI AUG,47.1,57.6,47.1,47.1,2.0,BCf,56.1,58.3,US,BU,PMI,M
2026-09-03,USD,S&P Global Composite PMI Final AUG,56.0,54.5,56.0,56.0,1.0,BCf,56.0,56.0,US,BU,PMI,M
2026-09-01,USD,S&P Global Manufacturing PMI Final AUG,53.9,53.9,53.9,53.9,1.0,BCf,53.2,53.2,US,BU,PMI,M
2026-09-03,USD,S&P Global Services PMI Final AUG,56.5,54.6,56.5,56.5,1.0,BCf,56.8,56.8,US,BU,PMIS,M
2026-09-01,USD,ISM Manufacturing Employment AUG,51.2,52.8,51.2,51.2,2.0,BCf,52.5,,US,BU,PMI_OTHER,M
2026-09-01,USD,ISM Manufacturing New Orders AUG,53.7,56.7,53.7,53.7,1.0,BCf,56.0,,US,BU,PMI_OTHER,M
2026-09-01,USD,ISM Manufacturing PMI AUG,54.6,55.6,54.6,54.6,3.0,BCf,55.0,55.2,US,BU,PMI_OTHER,M
2026-09-01,USD,ISM Manufacturing Prices AUG,71.1,71.1,71.1,71.1,1.0,BCf,70.0,72.0,US,BU,PMI_OTHER,M
2026-09-03,USD,ISM Services Business Activity AUG,61.7,59.1,61.7,61.7,1.0,BCf,59.0,,US,BU,PMI_OTHER,M
2026-09-03,USD,ISM Services Employment AUG,47.8,47.4,47.8,47.8,1.0,BCf,51.8,,US,BU,PMI_OTHER,M
2026-09-03,USD,ISM Services New Orders AUG,60.9,57.2,60.9,60.9,1.0,BCf,57.0,,US,BU,PMI_OTHER,M
2026-09-03,USD,ISM Services PMI AUG,55.4,54.1,55.4,55.4,3.0,BCf,54.0,54.3,US,BU,PMI_OTHER,M
2026-09-03,USD,ISM Services Prices AUG,72.6,70.3,72.6,72.6,1.0,BCf,66.0,,US,BU,PMI_OTHER,M
2026-09-08,USD,NFIB Business Optimism Index AUG,98.7,99.8,98.7,98.7,1.0,BCf,99.7,99.3,US,BU,PMI_OTHER,M
2026-09-01,USD,RCM/TIPP Economic Optimism Index SEP,45.6,45.1,45.6,45.6,1.0,CSE,46.4,46.2,US,BU,PMI_OTHER,M
2026-08-25,USD,Richmond Fed Manufacturing Index AUG,4.0,5.0,4.0,4.0,1.0,BCf,6.0,7.0,US,BU,PMI_OTHER,M
2026-08-25,USD,CB Consumer Confidence AUG,89.4,90.2,89.4,89.4,2.0,,90.9,90.2,US,CON,CONSUMER,M
2026-08-28,USD,Michigan Consumer Expectations Final AUG,51.5,55.4,51.5,51.5,1.0,CSE,50.6,50.6,US,CON,CONSUMER,M
2026-09-11,USD,Michigan Consumer Expectations Prel SEP,45.8,51.5,45.8,45.8,1.0,CSE,50.7,50.5,US,CON,CONSUMER,M
2026-08-28,USD,Michigan Consumer Sentiment Final AUG,51.7,55.2,51.7,51.7,2.0,CSE,51.0,51.0,US,CON,CONSUMER,M
2026-09-11,USD,Michigan Consumer Sentiment Prel SEP,47.8,51.7,47.8,47.8,3.0,CSE,51.5,51.0,US,CON,CONSUMER,M
2026-08-26,USD,Real Consumer Spending QoQ 2nd Est Q2,3.4,0.5,3.4,3.4,1.0,GW,3.2,3.2,US,CON,CONSUMER,Q
2026-09-01,USD,Construction Spending MoM JUL,-0.5,0.0,-0.5,-0.5,1.0,hs,-0.1,0.0,US,CON,EXPENSE,M
2026-09-08,USD,Consumer Credit Change JUL,18.06,14.56,18.06,18.06,1.0,CSE,16.0,11.7,US,CON,EXPENSE,M
2026-08-26,USD,Personal Income MoM JUL,0.4,0.2,0.4,0.4,3.0,CSE,0.2,0.2,US,CON,EXPENSE,M
2026-08-26,USD,Personal Spending MoM JUL,0.2,0.3,0.2,0.2,3.0,CSE,0.3,0.1,US,CON,EXPENSE,M
2026-08-26,USD,Real Personal Spending MoM JUL,0.0,0.4,0.0,0.0,1.0,CSE,0.2,,US,CON,EXPENSE,M
2026-09-02,USD,ADP Employment Change AUG,38.0,46.0,38.0,38.0,2.0,lb,51.0,47.0,US,EM,EC,M
2026-09-15,USD,ADP Employment Change Weekly,16.25,12.25,13.33,13.33,2.0,lb,0.0,,US,EM,EC,M
2026-09-04,USD,Government Payrolls AUG,35.0,-50.0,35.0,35.0,1.0,lb,-11.0,,US,EM,EC,M
2026-09-04,USD,Non Farm Payrolls AUG,162.0,21.0,162.0,162.0,3.0,lb,42.0,56.0,US,EM,EC,M
2026-08-28,USD,Non Farm Payrolls Annual Revision Prel,-79.0,-911.0,-79.0,-79.0,3.0,lb,0.0,,US,EM,EC,M
2026-09-04,USD,Nonfarm Payrolls Private AUG,127.0,71.0,127.0,127.0,1.0,lb,53.0,45.0,US,EM,EC,M
2026-09-03,USD,Challenger Job Cuts AUG,52.881,33.429,52.88,52.88,1.0,lb,62.0,,US,EM,EM,M
2026-09-01,USD,JOLTs Job Openings JUL,7.271,7.182,7.27,7.27,3.0,lb,7.4,7.3,US,EM,EM,M
2026-09-01,USD,JOLTs Job Quits JUL,3.056,3.213,3.06,3.06,1.0,lb,3.21,,US,EM,EM,M
2026-08-27,USD,Jobless Claims 4-week Average AUG/22,205.5,204.25,205.5,205.5,1.0,lb,203.0,,US,EM,EM,M
2026-09-03,USD,Jobless Claims 4-week Average AUG/29,207.25,205.75,207.25,207.25,,,205.0,,US,EM,EM,M
2026-09-10,USD,Jobless Claims 4-week Average SEP/05,206.0,207.5,206.0,206.0,,,206.0,,US,EM,EM,M
2026-09-17,USD,Jobless Claims 4-week Average SEP/12,203.25,206.0,203.25,203.25,,,206.0,,US,EM,EM,M
2026-09-17,USD,Philly Fed Employment SEP,11.8,27.9,11.8,11.8,,,0.0,,US,EM,EM,M
2026-08-27,USD,Continuing Jobless Claims AUG/15,1778.0,1796.0,1778.0,1778.0,1.0,lb,1811.0,1790.0,US,EM,UR,M
2026-09-03,USD,Continuing Jobless Claims AUG/22,1779.0,1771.0,1779.0,1779.0,,,1816.0,,US,EM,UR,M
2026-09-10,USD,Continuing Jobless Claims AUG/29,1774.0,1775.0,1774.0,1774.0,,,1790.0,1780.0,US,EM,UR,M
2026-09-17,USD,Continuing Jobless Claims SEP/05,1730.0,1769.0,1730.0,1730.0,,,1775.0,1780.0,US,EM,UR,M
2026-08-27,USD,Initial Jobless Claims AUG/22,203.0,207.0,203.0,203.0,2.0,lb,210.0,208.0,US,EM,UR,M
2026-09-03,USD,Initial Jobless Claims AUG/29,206.0,204.0,206.0,206.0,,,203.0,205.0,US,EM,UR,M
2026-09-10,USD,Initial Jobless Claims SEP/05,206.0,207.0,206.0,206.0,,,209.0,205.0,US,EM,UR,M
2026-09-17,USD,Initial Jobless Claims SEP/12,196.0,206.0,196.0,196.0,,,208.0,208.0,US,EM,UR,M
2026-09-04,USD,U-6 Unemployment Rate AUG,7.7,7.9,7.7,7.7,1.0,lb,8.0,,US,EM,UR,M
2026-09-04,USD,Unemployment Rate AUG,4.1,4.1,4.1,4.1,3.0,lb,4.1,4.1,US,EM,UR,M
2026-08-26,USD,GDP Growth Rate QoQ 2nd Est Q2,1.5,2.1,1.5,1.5,3.0,GW,1.5,1.5,US,GR,GDP,Q
2026-08-26,USD,GDP Price Index QoQ 2nd Est Q2,6.4,3.6,6.4,6.4,2.0,IF,6.3,6.3,US,GR,GDP,Q
2026-08-26,USD,GDP Sales QoQ 2nd Est Q2,2.2,1.9,2.2,2.2,1.0,GW,2.2,2.2,US,GR,GDP,Q
2026-09-01,USD,Total Vehicle Sales AUG,16.8,16.3,16.8,16.8,1.0,BCf,0.0,16.3,US,GR,MSALE,M
2026-09-16,USD,Business Inventories MoM JUL,0.8,0.1,0.8,0.8,2.0,BCf,0.4,0.3,US,GR,ORDER,M
2026-08-26,USD,Durable Goods Orders Ex Transp MoM JUL,0.4,1.1,0.4,0.4,2.0,BCf,0.3,0.6,US,GR,ORDER,M
2026-08-26,USD,Durable Goods Orders MoM JUL,1.1,0.5,1.1,1.1,3.0,BCf,0.5,0.5,US,GR,ORDER,M
2026-08-26,USD,Durable Goods Orders ex Defense MoM JUL,1.3,0.3,1.3,1.3,1.0,BCf,0.1,,US,GR,ORDER,M
2026-09-02,USD,Factory Orders MoM JUL,0.9,-0.2,0.9,0.9,2.0,BCf,0.4,0.6,US,GR,ORDER,M
2026-09-02,USD,Factory Orders ex Transportation JUL,0.6,-0.1,0.6,0.6,1.0,BCf,0.2,,US,GR,ORDER,M
2026-08-26,USD,Non Defense Goods Orders Ex Air JUL,0.2,1.7,0.2,0.2,1.0,BCf,0.6,0.9,US,GR,ORDER,M
2026-09-17,USD,Philly Fed New Orders SEP,29.2,30.1,29.2,29.2,,,0.0,,US,GR,ORDER,M
2026-08-27,USD,Retail Inventories Ex Autos MoM Adv JUL,0.7,-0.5,0.7,0.7,2.0,BCf,0.0,,US,GR,ORDER,M
2026-09-16,USD,Retail Inventories Ex Autos MoM JUL,0.8,-0.5,0.8,0.8,,,0.7,0.7,US,GR,ORDER,M
2026-08-27,USD,Wholesale Inventories MoM Adv JUL,1.3,0.3,1.3,1.3,2.0,BCf,0.2,0.1,US,GR,ORDER,M
2026-09-10,USD,Wholesale Inventories MoM JUL,1.3,0.4,1.3,1.3,1.0,BCf,1.3,1.3,US,GR,ORDER,M
2026-08-26,USD,Corporate Profits QoQ Prel Q2,8.2,0.5,8.2,8.2,2.0,BCf,0.7,,US,GR,PROFIT,Q
2026-09-16,USD,Retail Sales Control Group MoM AUG,1.4,-0.4,1.4,1.4,2.0,CSE,0.3,0.4,US,GR,RSALE,M
2026-09-16,USD,Retail Sales Ex Autos MoM AUG,1.4,-0.2,1.4,1.4,2.0,CSE,0.4,0.5,US,GR,RSALE,M
2026-09-16,USD,Retail Sales MoM AUG,1.2,-0.5,1.2,1.2,3.0,CSE,0.7,0.8,US,GR,RSALE,M
2026-09-16,USD,Retail Sales YoY AUG,6.0,5.03,6.0,6.0,,,4.7,,US,GR,RSALE,Y
2026-08-25,USD,Building Permits Final JUL,1.433,1.374,1.43,1.43,1.0,hs,1.443,1.443,US,HE,BP|HS,M
2026-08-25,USD,Building Permits MoM Final JUL,4.3,-2.6,4.3,4.3,1.0,hs,5.0,5.0,US,HE,BP|HS,M
2026-09-17,USD,Building Permits MoM Prel AUG,-2.7,4.3,-2.7,-2.7,2.0,hs,-1.6,,US,HE,BP|HS,M
2026-09-17,USD,Building Permits Prel AUG,1.394,1.433,1.39,1.39,3.0,hs,1.41,1.41,US,HE,BP|HS,M
2026-09-17,USD,Housing Starts AUG,1.275,1.309,1.27,1.27,3.0,hs,1.35,1.31,US,HE,BP|HS,M
2026-09-17,USD,Housing Starts MoM AUG,-2.6,-9.0,-2.6,-2.6,2.0,hs,9.0,,US,HE,BP|HS,M
2026-09-10,USD,Existing Home Sales AUG,3.98,4.06,3.98,3.98,3.0,hs,4.05,3.98,US,HE,HOUSE,M
2026-09-10,USD,Existing Home Sales MoM AUG,-2.0,-1.7,-2.0,-2.0,2.0,hs,-0.2,,US,HE,HOUSE,M
2026-08-25,USD,House Price Index JUN,442.5,442.4,442.5,442.5,1.0,hs,442.8,,US,HE,HOUSE,M
2026-08-25,USD,House Price Index MoM JUN,0.0,0.3,0.0,0.0,1.0,hs,0.1,0.2,US,HE,HOUSE,M
2026-08-25,USD,House Price Index YoY JUN,2.3,2.4,2.3,2.3,1.0,hs,2.2,,US,HE,HOUSE,Y
2026-09-16,USD,NAHB Housing Market Index SEP,32.0,35.0,32.0,32.0,2.0,hs,34.0,34.0,US,HE,HOUSE,M
2026-08-25,USD,New Home Sales JUL,0.607,0.678,0.61,0.61,2.0,hs,0.62,0.62,US,HE,HOUSE,M
2026-08-25,USD,New Home Sales MoM JUL,-10.5,7.6,-10.5,-10.5,2.0,hs,-1.3,,US,HE,HOUSE,M
2026-09-17,USD,Pending Home Sales MoM AUG,0.3,-2.6,0.3,0.3,2.0,hs,1.8,2.0,US,HE,HOUSE,M
2026-09-17,USD,Pending Home Sales YoY AUG,-4.7,-2.2,-4.7,-4.7,2.0,hs,-0.7,,US,HE,HOUSE,Y
2026-08-25,USD,S&P/Case-Shiller Home Price MoM JUN,0.4,0.9,0.4,0.4,1.0,hs,0.4,,US,HE,HOUSE,M
2026-08-25,USD,S&P/Case-Shiller Home Price YoY JUN,2.1,1.6,2.1,2.1,2.0,hs,1.8,1.7,US,HE,HOUSE,Y
2026-09-11,USD,CPI AUG,334.98,333.92,334.98,334.98,2.0,IF,334.9,334.85,US,IN,CPI,M
2026-09-11,USD,CPI s.a AUG,334.131,332.81,334.13,334.13,2.0,IF,334.14,,US,IN,CPI,M
2026-08-25,USD,API Crude Oil Stock Change AUG/21,4.2,-0.328,4.2,4.2,2.0,eng,0.0,1.8,US,IN,INFLATION,M
2026-09-01,USD,API Crude Oil Stock Change AUG/28,-2.6,4.2,-2.6,-2.6,,,0.0,-0.8,US,IN,INFLATION,M
2026-09-09,USD,API Crude Oil Stock Change SEP/04,-0.3,-2.6,-0.3,-0.3,,,0.0,-1.3,US,IN,INFLATION,M
2026-09-15,USD,API Crude Oil Stock Change SEP/11,7.14,-0.3,7.14,7.14,,,0.0,-1.8,US,IN,INFLATION,M
2026-09-04,USD,Average Weekly Hours AUG,34.4,34.3,34.4,34.4,1.0,lb,34.3,34.3,US,IN,INFLATION,M
2026-08-28,USD,Baker Hughes Oil Rig Count AUG/28,447.0,452.0,447.0,447.0,1.0,eng,0.0,454.0,US,IN,INFLATION,M
2026-09-04,USD,Baker Hughes Oil Rig Count SEP/04,449.0,447.0,449.0,449.0,,,0.0,,US,IN,INFLATION,M
2026-09-11,USD,Baker Hughes Oil Rig Count SEP/11,450.0,449.0,450.0,450.0,,,0.0,,US,IN,INFLATION,M
2026-09-18,USD,Baker Hughes Oil Rig Count SEP/18,452.0,450.0,452.0,452.0,,,0.0,451.0,US,IN,INFLATION,M
2026-09-08,USD,Consumer Inflation Expectations AUG,3.6,3.6,3.6,3.6,1.0,IF,3.6,,US,IN,INFLATION,M
2026-09-11,USD,Core Inflation Rate MoM AUG,0.3,0.2,0.3,0.3,3.0,IF,0.2,0.2,US,IN,INFLATION,M
2026-09-11,USD,Core Inflation Rate YoY AUG,2.4,2.5,2.4,2.4,3.0,IF,2.4,2.4,US,IN,INFLATION,Y
2026-08-26,USD,EIA Crude Oil Stocks Change AUG/21,0.095,4.405,0.1,0.1,2.0,eng,0.0,0.6,US,IN,INFLATION,M
2026-09-02,USD,EIA Crude Oil Stocks Change AUG/28,-4.45,0.095,-4.45,-4.45,,,0.0,-1.1,US,IN,INFLATION,M
2026-09-10,USD,EIA Crude Oil Stocks Change SEP/04,-0.391,-4.45,-0.39,-0.39,,,0.0,-1.6,US,IN,INFLATION,M
2026-09-16,USD,EIA Crude Oil Stocks Change SEP/11,-0.64,-0.391,-0.64,-0.64,,,0.0,-1.6,US,IN,INFLATION,M
2026-08-26,USD,EIA Cushing Crude Oil Stocks Change AUG/21,1.176,-1.314,1.18,1.18,1.0,eng,0.0,,US,IN,INFLATION,M
2026-09-02,USD,EIA Cushing Crude Oil Stocks Change AUG/28,0.08,1.176,0.08,0.08,,,0.0,,US,IN,INFLATION,M
2026-09-10,USD,EIA Cushing Crude Oil Stocks Change SEP/04,-0.684,0.08,-0.68,-0.68,,,0.0,,US,IN,INFLATION,M
2026-09-16,USD,EIA Cushing Crude Oil Stocks Change SEP/11,-0.342,-0.684,-0.34,-0.34,,,0.0,,US,IN,INFLATION,M
2026-08-26,USD,EIA Gasoline Production Change AUG/21,0.061,0.143,0.06,0.06,1.0,eng,0.0,,US,IN,INFLATION,M
2026-09-02,USD,EIA Gasoline Production Change AUG/28,0.073,0.061,0.07,0.07,,,0.0,,US,IN,INFLATION,M
2026-09-10,USD,EIA Gasoline Production Change SEP/04,-0.537,0.073,-0.54,-0.54,,,0.0,,US,IN,INFLATION,M
2026-09-16,USD,EIA Gasoline Production Change SEP/11,0.336,-0.537,0.34,0.34,,,0.0,,US,IN,INFLATION,M
2026-08-26,USD,EIA Gasoline Stocks Change AUG/21,-2.536,0.688,-2.54,-2.54,2.0,eng,0.0,-0.7,US,IN,INFLATION,M
2026-09-02,USD,EIA Gasoline Stocks Change AUG/28,-1.173,-2.536,-1.17,-1.17,,,0.0,-1.9,US,IN,INFLATION,M
2026-09-10,USD,EIA Gasoline Stocks Change SEP/04,1.269,-1.173,1.27,1.27,,,0.0,-1.4,US,IN,INFLATION,M
2026-09-16,USD,EIA Gasoline Stocks Change SEP/11,0.794,1.269,0.79,0.79,,,0.0,-1.0,US,IN,INFLATION,M
2026-08-26,USD,EIA Heating Oil Stocks Change AUG/21,0.027,-0.537,0.03,0.03,1.0,eng,0.0,,US,IN,INFLATION,M
2026-09-02,USD,EIA Heating Oil Stocks Change AUG/28,-0.033,0.027,-0.03,-0.03,,,0.0,,US,IN,INFLATION,M
2026-09-10,USD,EIA Heating Oil Stocks Change SEP/04,0.01,-0.033,0.01,0.01,,,0.0,,US,IN,INFLATION,M
2026-09-16,USD,EIA Heating Oil Stocks Change SEP/11,0.684,0.01,0.68,0.68,,,0.0,,US,IN,INFLATION,M
2026-08-27,USD,EIA Natural Gas Stocks Change AUG/21,0.0,0.0,0.0,0.0,1.0,eng,0.0,,US,IN,INFLATION,M
2026-09-03,USD,EIA Natural Gas Stocks Change AUG/28,0.0,0.0,0.0,0.0,,,0.0,,US,IN,INFLATION,M
2026-09-10,USD,EIA Natural Gas Stocks Change SEP/04,0.0,0.0,0.0,0.0,,,0.0,,US,IN,INFLATION,M
2026-09-17,USD,EIA Natural Gas Stocks Change SEP/11,0.0,0.0,0.0,0.0,,,0.0,,US,IN,INFLATION,M
2026-09-11,USD,Inflation Rate MoM AUG,0.4,0.1,0.4,0.4,3.0,IF,0.4,0.4,US,IN,INFLATION,M
2026-09-11,USD,Inflation Rate YoY AUG,3.4,3.4,3.4,3.4,3.0,IF,3.4,3.4,US,IN,INFLATION,Y
2026-08-28,USD,Michigan 5 Year Inflation Expectations Final AUG,3.3,3.3,3.3,3.3,1.0,IF,3.3,3.3,US,IN,INFLATION,M
2026-09-11,USD,Michigan 5 Year Inflation Expectations Prel SEP,3.4,3.3,3.4,3.4,1.0,IF,3.2,,US,IN,INFLATION,M
2026-08-28,USD,Michigan Inflation Expectations Final AUG,4.0,4.2,4.0,4.0,1.0,IF,4.3,4.3,US,IN,INFLATION,M
2026-09-11,USD,Michigan Inflation Expectations Prel SEP,4.6,4.0,4.6,4.6,1.0,IF,3.9,,US,IN,INFLATION,M
2026-09-03,USD,Nonfarm Productivity QoQ Final Q2,1.4,0.8,1.4,1.4,1.0,lb,1.4,1.4,US,IN,INFLATION,Q
2026-09-16,USD,Retail Sales Ex Gas/Autos MoM AUG,1.2,-0.3,1.2,1.2,,,0.2,,US,IN,INFLATION,M
2026-09-04,USD,Average Hourly Earnings MoM AUG,0.3,0.2,0.3,0.3,2.0,lb,0.2,0.3,US,IN,LEAD,M
2026-09-04,USD,Average Hourly Earnings YoY AUG,3.1,3.2,3.1,3.1,2.0,lb,3.1,3.0,US,IN,LEAD,Y
2026-08-26,USD,EIA Crude Oil Imports Change AUG/21,-0.161,-1.754,-0.16,-0.16,1.0,eng,0.0,,US,IN,LEAD,M
2026-09-02,USD,EIA Crude Oil Imports Change AUG/28,-0.079,-0.161,-0.08,-0.08,,,0.0,,US,IN,LEAD,M
2026-09-10,USD,EIA Crude Oil Imports Change SEP/04,1.12,-0.079,1.12,1.12,,,0.0,,US,IN,LEAD,M
2026-09-16,USD,EIA Crude Oil Imports Change SEP/11,-1.18,1.12,-1.18,-1.18,,,0.0,,US,IN,LEAD,M
2026-09-16,USD,Import Prices MoM AUG,0.7,-0.3,0.7,0.7,2.0,IF,0.3,0.4,US,IN,LEAD,M
2026-09-16,USD,Import Prices YoY AUG,7.0,6.1,7.0,7.0,,,6.4,,US,IN,LEAD,Y
2026-09-03,USD,Imports JUL,399.3,388.5,399.3,399.3,2.0,FTR,399.7,,US,IN,LEAD,M
2026-08-26,USD,Core PCE Price Index MoM JUL,0.2,0.1,0.2,0.2,3.0,IF,0.3,0.2,US,IN,PCE,M
2026-08-26,USD,Core PCE Price Index YoY JUL,3.3,3.3,3.3,3.3,1.0,IF,3.3,3.3,US,IN,PCE,Y
2026-08-26,USD,Core PCE Prices QoQ 2nd Est Q2,3.6,4.4,3.6,3.6,1.0,IF,3.4,3.4,US,IN,PCE,Q
2026-08-26,USD,PCE Price Index MoM JUL,0.2,-0.1,0.2,0.2,2.0,IF,0.2,0.1,US,IN,PCE,M
2026-08-26,USD,PCE Price Index YoY JUL,3.7,3.7,3.7,3.7,2.0,IF,3.7,3.6,US,IN,PCE,Y
2026-08-26,USD,PCE Prices QoQ 2nd Est Q2,5.3,4.6,5.3,5.3,1.0,IF,5.1,5.1,US,IN,PCE,Q
2026-09-10,USD,Core PPI MoM AUG,0.2,0.3,0.2,0.2,2.0,IF,0.2,0.3,US,IN,PPI,M
2026-09-10,USD,Core PPI YoY AUG,4.6,4.3,4.6,4.6,1.0,IF,4.5,4.6,US,IN,PPI,Y
2026-09-10,USD,PPI AUG,157.411,156.784,157.41,157.41,1.0,IF,157.0,,US,IN,PPI,M
2026-09-10,USD,"PPI Ex Food, Energy and Trade MoM AUG",0.3,0.4,0.3,0.3,1.0,IF,0.3,,US,IN,PPI,M
2026-09-10,USD,"PPI Ex Food, Energy and Trade YoY AUG",4.7,4.7,4.7,4.7,1.0,IF,4.4,,US,IN,PPI,Y
2026-09-10,USD,PPI MoM AUG,0.4,0.1,0.4,0.4,3.0,IF,0.3,0.4,US,IN,PPI,M
2026-09-10,USD,PPI YoY AUG,5.4,4.8,5.4,5.4,1.0,IF,5.1,5.3,US,IN,PPI,Y
